group,full,dec2004,size_matched_control,dec_minus_full,control_minus_full,dec_minus_control
logreg_C0.1|coef,0.3957,0.458,0.3926,0.0623,-0.0031,0.0654
logreg_C100|coef,0.4173,0.3325,0.474,-0.0848,0.0567,-0.1415
logreg|coef,0.2219,0.3325,0.3112,0.1107,0.0893,0.0214
logreg|perm,0.1574,0.0842,0.1643,-0.0732,0.0069,-0.0801
logreg|shap,0.17,0.1189,0.1723,-0.0511,0.0023,-0.0534
rf|perm,0.1584,0.0989,0.0842,-0.0595,-0.0742,0.0147
rf|shap,0.1424,0.0909,0.0642,-0.0515,-0.0782,0.0267
svm|coef,0.5016,0.3552,0.4887,-0.1464,-0.0129,-0.1335
svm|perm,0.5911,0.4033,0.5541,-0.1878,-0.037,-0.1508
svm|shap,0.3312,0.1537,0.2925,-0.1775,-0.0387,-0.1388
ttest|ttest,0.3454,0.2765,0.187,-0.0689,-0.1584,0.0894
xgb|perm,0.2809,0.1186,0.1363,-0.1623,-0.1446,-0.0177
xgb|shap,0.2772,0.1187,0.1377,-0.1585,-0.1394,-0.0191
