group,reference_full_run_repeats_0_1,sens_collapse_var,sens_filter_025,sens_filter_100
logreg_C0.1|coef,0.3833,0.4093,0.4053,0.3552
logreg_C100|coef,0.4614,0.4213,0.4573,0.4433
logreg|coef,0.3152,0.207,0.2111,0.201
logreg|perm,0.177,0.195,0.159,0.0969
logreg|shap,0.2231,0.147,0.131,0.175
rf|perm,0.159,0.125,0.145,0.141
rf|shap,0.129,0.1169,0.1229,0.135
svm|coef,0.5114,0.5014,0.5014,0.4914
svm|perm,0.6175,0.6055,0.6015,0.5855
svm|shap,0.3612,0.3592,0.3572,0.3452
ttest|ttest,0.3592,0.3272,0.3592,0.3592
xgb|perm,0.2802,0.2408,0.2574,0.2642
xgb|shap,0.2802,0.2368,0.2491,0.2562
