dimension,group,n_null_replicates,obs_median,obs_min,obs_max,null_median,null_p2.5,null_p97.5,null_max,median_difference,frac_obs_repeats_above_null_p97.5
resampling,logreg_C0.1|coef,30,0.3912700379388175,0.3592316188829659,0.4793756903424098,0.3051667867262161,0.2288753013494692,0.3873653556163856,0.4193036546126879,0.0861032512126013,0.55
resampling,logreg_C100|coef,30,0.4173012534216971,0.3672412236469288,0.4993997022523171,0.2430923498055034,0.1578901791288479,0.3411098881044997,0.3672412236469288,0.1742089036161937,1.0
resampling,logreg|coef,30,0.2250707390865868,0.1029242664361521,0.3191835950631513,0.313176391490179,0.228074340873073,0.4025836046679151,0.4112940498487248,-0.0881056524035922,0.0
resampling,logreg|perm,30,0.1629963021658741,0.0748906497622819,0.2470971521874848,0.2450947509964942,0.1618949815108292,0.3382064063775631,0.3672412236469288,-0.08209844883062,0.0
resampling,logreg|shap,30,0.1770131105028092,0.0788954521442635,0.2591115593334293,0.2531043557604571,0.1782145512174037,0.3322993228641405,0.335202804591077,-0.0760912452576478,0.0
resampling,rf|perm,30,0.1509818950199298,0.118943475964078,0.1990395236037073,0.0528642366613839,0.0217268981414779,0.1375658070402918,0.1549866974019113,0.0981176583585459,0.7
resampling,rf|shap,30,0.1369650866829947,0.0989194640541707,0.1910299188397444,0.0548666378523745,0.0108138116505784,0.1269530807280409,0.1269530807280409,0.0820984488306201,0.55
resampling,svm|coef,30,0.4953948998703356,0.4393276665225951,0.5794957498919464,0.2571091581424385,0.1710059069298372,0.3357034048888247,0.3792556307928731,0.238285741727897,1.0
resampling,svm|perm,30,0.5995197618018537,0.50740930701628,0.6635965999135571,0.2430923498055033,0.1859237958027179,0.3185828747058539,0.3592316188829659,0.3564274119963504,1.0
resampling,svm|shap,30,0.3291956010181048,0.2751307688613551,0.4032844450847619,0.209051529558661,0.1527840560918214,0.292651779282524,0.3071691879172069,0.1201440714594437,0.85
resampling,ttest|ttest,30,0.3311980022090957,0.2951547807712623,0.4593516784325024,0.2250707390865868,0.1138373529270516,0.3414102482831483,0.3472172117370214,0.1061272631225088,0.35
resampling,xgb|perm,30,0.2858830893037439,0.2203990491242754,0.3200505826610321,0.1369650866829946,0.0795962925611101,0.2195641358113622,0.2631163617154107,0.1489180026207493,1.0
resampling,xgb|shap,30,0.2801900575549858,0.2203990491242754,0.3200505826610321,0.1389674878739855,0.0708858473803006,0.2209658166450558,0.2470971521874848,0.1412225696810003,0.95
model,explainer=coef,30,0.2270731402775775,0.134962685492004,0.3031643855352254,0.3071691879172069,0.1509818950199298,0.4525435143831339,0.4873852951063727,-0.0800960476396293,0.0
model,explainer=perm,30,0.0850547675453552,0.0693080501657279,0.1133895307347125,0.1209458771550688,0.0897751652819797,0.1650988234164144,0.1776805775664728,-0.0358911096097136,0.0
model,explainer=shap,30,0.1182059566682096,0.079019068137493,0.144307224383294,0.1656661704205285,0.1136704861611359,0.2069490083081207,0.213723799004306,-0.0474602137523189,0.0
explainer,model=logreg,30,0.180350445821127,0.1296229489826952,0.2444272839328305,0.4193036546126877,0.3325996830427891,0.4803768909379051,0.4900551633610269,-0.2389532087915607,0.0
explainer,model=rf,30,0.7436926475531863,0.7036446237333718,0.8157790904288527,0.7677214618450752,0.715258550641118,0.8281939778129953,0.8398079047207414,-0.0240288142918888,0.0
explainer,model=svm,30,0.4460023371592307,0.420638588740015,0.482045558597064,0.3498870799916757,0.2159931870207621,0.4869180681618081,0.4927250316156811,0.096115257167555,0.0
explainer,model=xgb,30,0.9799759880900928,0.9599519761801856,1.0,0.8998799404504634,0.8456148681746146,0.9279135571243338,0.9279135571243338,0.0800960476396293,1.0
combined,all_primary,30,0.1683128367535642,0.1515419509430737,0.1892266051971388,0.1895169934954402,0.1572338365162452,0.2307442091277272,0.2430033541970148,-0.021204156741876,0.0
baseline,logreg|coef_vs_ttest,30,-0.0012005954953657,-0.0012005954953657,0.01481861403256,-0.0012005954953657,-0.0012005954953657,0.0112142918887767,0.0228282187965229,7.502679033599691e-17,0.15
baseline,logreg|shap_vs_ttest,30,0.0548666378523746,0.0068090092685971,0.0869050569082263,0.0228282187965229,0.0046063679585073,0.0468570330884117,0.0468570330884117,0.0320384190558516,0.55
baseline,logreg|perm_vs_ttest,30,-0.0012005954953657,-0.0012005954953657,-0.0012005954953657,-0.0012005954953657,-0.0012005954953657,0.0170212553426498,0.0228282187965229,7.502679033599691e-17,0.0
baseline,svm|coef_vs_ttest,30,-0.0012005954953657,-0.0012005954953657,0.0068090092685971,-0.0012005954953657,-0.0012005954953657,0.0112142918887767,0.0228282187965229,7.502679033599691e-17,0.0
baseline,svm|shap_vs_ttest,30,-0.0012005954953657,-0.0012005954953657,0.01481861403256,0.0228282187965229,0.0046063679585073,0.061474561782644,0.0788954521442634,-0.0240288142918886,0.0
baseline,svm|perm_vs_ttest,30,-0.0012005954953657,-0.0012005954953657,0.01481861403256,0.0068090092685971,-0.0012005954953657,0.0250308601066127,0.0308378235604859,-0.0080096047639628,0.0
baseline,rf|shap_vs_ttest,30,0.2070491283676703,0.1670011045478556,0.2470971521874849,0.0548666378523746,0.0228282187965229,0.1393679681121835,0.1509818950199297,0.1521824905152956,1.0
baseline,rf|perm_vs_ttest,30,0.2230683378955961,0.1910299188397444,0.2951547807712625,0.0628762426163376,0.028635182250396,0.1371653268020937,0.1429722902559669,0.1601920952792584,1.0
baseline,xgb|shap_vs_ttest,30,0.2463649854124976,0.1841920131806593,0.3222618441034657,0.066881044998319,0.028635182250396,0.1211461172741679,0.126953080728041,0.1794839404141785,1.0
baseline,xgb|perm_vs_ttest,30,0.2472748227373142,0.1841920131806593,0.3222618441034657,0.0708858473803005,0.0308378235604859,0.1189434759640781,0.1189434759640781,0.1763889753570137,1.0
sensitivity,logreg_coef_across_C,30,0.2964897148985895,0.1643312362932012,0.3538918823736573,0.7023096896060446,0.5341747362691893,0.8325992604331749,0.8558271142486674,-0.405819974707455,0.0
