group,full,dec2004,size_matched_control
logreg_C0.1|coef,0.3956753205589972,0.4580167443051753,0.3926049720661447
logreg_C100|coef,0.4173012534216971,0.3325329363364228,0.4740359538331011
logreg|coef,0.2218668971810017,0.3325329363364228,0.3111739902991883
logreg|perm,0.1573895788311001,0.084235188653572,0.1643312362932013
logreg|shap,0.1700047063343417,0.1189434759640781,0.1723408410571643
rf|perm,0.1583907794265954,0.0989194640541708,0.084235188653572
rf|shap,0.1423715698986696,0.0909098592902078,0.0642111767436647
svm|coef,0.5016023435624068,0.3552268165009843,0.4887202292336998
svm|perm,0.5911096767996926,0.4032844450847619,0.5541320014727305
svm|shap,0.3311980022090956,0.1536517632745841,0.2924849125166082
ttest|ttest,0.3454150506651298,0.2764657029886823,0.1870251164577629
xgb|perm,0.2808963709680823,0.1186155136537496,0.1362910033389399
xgb|shap,0.2771747183558939,0.1186710691324326,0.137726295754684
