dimension,group,phi_k10,phi_k25,phi_k50
baseline,logreg|coef_vs_ttest,-0.0004798925040789,0.0028042068866156,0.0162406385229347
baseline,logreg|perm_vs_ttest,-0.0004798925040789,-0.0012005954953657,-0.0008002307914223
baseline,logreg|shap_vs_ttest,0.0355373836260678,0.0524637564231857,0.0681651697278583
baseline,rf|perm_vs_ttest,0.1666002495441021,0.2246702588483887,0.2776676218867198
baseline,rf|shap_vs_ttest,0.1605973701890776,0.2066486481294721,0.2335618424848542
baseline,svm|coef_vs_ttest,-0.0004798925040789,8.452192286612353e-07,-0.0010007116068854
baseline,svm|perm_vs_ttest,0.0015210672809291,0.0016027661720212,0.0038108279642271
baseline,svm|shap_vs_ttest,0.0045225069584414,0.0020032464102193,0.0022069814405229
baseline,xgb|perm_vs_ttest,0.2176247240618101,0.2440689407858397,0.2397890226016224
baseline,xgb|shap_vs_ttest,0.2146232843842979,0.2424670198330471,0.2397890226016224
combined,all_primary,0.1418995126425013,0.1689397986407457,0.1835907448063445
explainer,model=logreg,0.1449231852065136,0.1823528470121178,0.2189267429560532
explainer,model=rf,0.7708901046165659,0.7476974499351678,0.7570172516588134
explainer,model=svm,0.3600263620948906,0.4456018569210327,0.5194474853351283
explainer,model=xgb,0.9609812841923407,0.9815779090428852,1.0
model,explainer=coef,0.1926127267492082,0.2274736205157757,0.2465930954899508
model,explainer=perm,0.068219726781201,0.0891443975767578,0.0905498925823819
model,explainer=shap,0.0882293246312825,0.1185882992442175,0.1325308604232584
sensitivity,logreg_coef_across_C,0.2383013085068943,0.2896815508492211,0.3215060935346346
