pipeline,k,n_sets,phi,jaccard,kuncheva,mean_set_size,n_distinct_genes,n_genes_freq_ge_0.5,n_genes_freq_ge_0.8,max_selection_frequency
logreg|coef,10,100,0.2223946888018295,0.1366693061171865,0.2223946888018241,10.0,274,4,0,0.69
logreg|shap,10,100,0.1621233546715839,0.0946557967507353,0.1621233546715797,10.0,306,2,0,0.65
logreg|perm,10,100,0.2291656133268572,0.1489201439750252,0.2291656133268498,10.0,287,3,0,0.74
svm|coef,10,100,0.5053991222329834,0.362937446197582,0.5053991222329862,10.0,79,6,5,0.99
svm|shap,10,100,0.3897072655725117,0.2619446533702009,0.3897072655725012,10.0,107,6,1,1.0
svm|perm,10,100,0.5876608022833187,0.4432404196762826,0.5876608022833216,10.0,66,9,3,1.0
rf|shap,10,100,0.1093101433763684,0.0610317311400889,0.1093101433763729,10.0,253,0,0,0.44
rf|perm,10,100,0.118546897131406,0.0665515467218234,0.118546897131409,10.0,236,0,0,0.46
xgb|shap,10,100,0.31080073021219,0.1934304822779295,0.310800730212187,10.0,128,3,2,0.93
xgb|perm,10,100,0.3177333484572182,0.1985263185872935,0.317733348457216,10.0,128,3,2,0.95
logreg_C0.1|coef,10,100,0.4578207451227895,0.322210567175843,0.4578207451227915,10.0,94,7,1,0.95
logreg_C100|coef,10,100,0.4131932784026074,0.2845392493243957,0.4131932784026001,10.0,99,5,2,0.85
ttest|ttest,10,100,0.3438064608073246,0.2439860326092558,0.3438064608073227,10.0,104,7,0,0.73
logreg|coef,25,100,0.2415308814020238,0.1453680963280548,0.241530881402021,25.0,587,7,1,0.81
logreg|shap,25,100,0.1916933406484766,0.1108992334350137,0.1916933406484747,25.0,620,5,1,0.81
logreg|perm,25,100,0.1853746524457947,0.1128844386421846,0.1853746524457928,25.0,690,6,0,0.74
svm|coef,25,100,0.5531206877399069,0.4052540111605734,0.5531206877399139,25.0,171,18,12,1.0
svm|shap,25,100,0.395962533659119,0.265757832187266,0.3959625336591219,25.0,223,14,3,1.0
svm|perm,25,100,0.630482143045981,0.4761902988649431,0.6304821430459981,25.0,124,21,13,1.0
rf|shap,25,100,0.152923617386951,0.0852204864588825,0.1529236173869474,25.0,500,2,0,0.64
rf|perm,25,100,0.1723570220768894,0.0972325417552994,0.1723570220768859,25.0,463,2,0,0.64
xgb|shap,25,100,0.3134273801968932,0.1911306434245754,,24.1,285,8,2,0.98
xgb|perm,25,100,0.3160877337047477,0.1930369844110001,,24.1,284,9,2,0.98
logreg_C0.1|coef,25,100,0.4499990490313498,0.3050252332332849,0.449999049031357,25.0,199,17,4,0.99
logreg_C100|coef,25,100,0.4673531926866028,0.3263055947581835,0.4673531926866094,25.0,201,14,7,1.0
ttest|ttest,25,100,0.4137373838272267,0.2846784957739751,0.413737383827226,25.0,205,14,4,0.9
logreg|coef,50,100,0.2578038206859439,0.1548716749629376,0.2578038206859427,50.0,1009,14,5,0.87
logreg|shap,50,100,0.2092712628739552,0.1215184220516381,0.2092712628739558,50.0,1017,8,4,0.91
logreg|perm,50,100,0.169762366816545,0.1019555272669693,0.1697623668165487,50.0,1296,9,0,0.75
svm|coef,50,100,0.5502223030380737,0.3989212994473001,0.5502223030380694,50.0,278,34,19,1.0
svm|shap,50,100,0.4499697449541087,0.3091194677060383,0.4499697449540976,50.0,343,34,10,1.0
svm|perm,50,100,0.6320792275092495,0.4742690139547103,0.6320792275092475,50.0,213,37,24,1.0
rf|shap,50,100,0.1871373708233404,0.1058469171319048,0.187137370823339,50.0,833,7,0,0.75
rf|perm,50,100,0.2168935839790343,0.1246846235790623,0.2168935839790327,50.0,761,10,1,0.81
xgb|shap,50,100,0.3172028269756641,0.1929798208774599,,27.54,331,11,3,0.98
xgb|perm,50,100,0.3172028269756641,0.1929798208774599,,27.54,331,11,3,0.98
logreg_C0.1|coef,50,100,0.4837598751239677,0.331170234494817,0.4837598751239698,50.0,372,33,14,1.0
logreg_C100|coef,50,100,0.4923825752476198,0.3443644298308668,0.4923825752476137,50.0,322,30,17,1.0
ttest|ttest,50,100,0.4668060833355187,0.3280924975265214,0.4668060833355172,50.0,326,32,14,0.98
