group,phi_k10,phi_k25,phi_k50,phi_median,phi_min,phi_max,phi_sd,mean_set_size
logreg_C0.1|coef,0.4087163835300892,0.3956753205589972,0.4311356861236657,0.3912700379388175,0.3592316188829659,0.4793756903424098,0.0266884929469214,25.0
logreg_C100|coef,0.3646952682599097,0.4173012534216971,0.4395558803731127,0.4173012534216971,0.3672412236469288,0.4993997022523171,0.0370365881989313,25.0
logreg|coef,0.204618485459257,0.2218668971810017,0.2318577555534184,0.2250707390865868,0.1029242664361521,0.3191835950631513,0.0539198246645744,25.0
logreg|perm,0.2016170457817448,0.1573895788311001,0.144949322050197,0.1629963021658741,0.0748906497622819,0.2470971521874848,0.0463662220450957,25.0
logreg|shap,0.1540942508878011,0.1700047063343417,0.188754380228868,0.1770131105028092,0.0788954521442635,0.2591115593334293,0.0445932258374372,25.0
rf|perm,0.1025695364238409,0.1583907794265954,0.1983774593710932,0.1509818950199298,0.118943475964078,0.1990395236037073,0.0278152117827986,25.0
rf|shap,0.0975671369613206,0.1423715698986696,0.1744200019232617,0.1369650866829947,0.0989194640541707,0.1910299188397444,0.0252376144721821,25.0
svm|coef,0.4522372588540166,0.5016023435624068,0.4941869025867871,0.4953948998703356,0.4393276665225951,0.5794957498919464,0.0391845325901444,25.0
svm|perm,0.5477830885881562,0.5911096767996926,0.5881121646312144,0.5995197618018537,0.50740930701628,0.6635965999135571,0.0392797420029878,25.0
svm|shap,0.3341806315385353,0.3311980022090956,0.3888342340609673,0.3291956010181049,0.2751307688613551,0.4032844450847619,0.0313459026334385,25.0
ttest|ttest,0.2631465591707457,0.3454150506651298,0.3989585152418501,0.3311980022090957,0.2951547807712623,0.4593516784325024,0.0496553847754108,25.0
xgb|perm,0.2721508782032824,0.2808963709680823,0.2817153160565057,0.2858830893037439,0.2203990491242754,0.3200505826610321,0.0269183743754457,24.1
xgb|shap,0.2611455993857375,0.2771747183558939,0.2817153160565057,0.2801900575549859,0.2203990491242754,0.3200505826610321,0.0257289685169908,24.1
