config_id,roc_auc,ap_cancer,ap_normal,balanced_accuracy,sensitivity,specificity,f1_cancer,f1_normal,tn,fp,fn,tp,n_features_used,n_genes,n_train,n_test,repeat,fold,seed
logreg,0.7023809523809523,0.9408105262306943,0.29418498168498164,0.4523809523809524,0.9047619047619048,0.0,0.8636363636363636,0.0,0,4,2,19,20151,20151,96,25,0,0,21460921
svm,0.6428571428571429,0.9234827551435247,0.266025641025641,0.5357142857142857,0.5714285714285714,0.5,0.6857142857142857,0.26666666666666666,2,2,9,12,20151,20151,96,25,0,0,21460921
rf,0.7738095238095238,0.9495185691426775,0.53125,0.5,1.0,0.0,0.9130434782608695,0.0,0,4,0,21,2639,20151,96,25,0,0,21460921
xgb,0.6547619047619047,0.9178222037278245,0.44246031746031744,0.625,1.0,0.25,0.9333333333333333,0.4,1,3,0,21,140,20151,96,25,0,0,21460921
logreg_C0.1,0.7142857142857143,0.9402982565454923,0.3181818181818181,0.5773809523809523,0.9047619047619048,0.25,0.8837209302325582,0.2857142857142857,1,3,2,19,20151,20151,96,25,0,0,21460921
logreg_C100,0.6190476190476191,0.917790734745622,0.25496031746031744,0.5357142857142857,0.5714285714285714,0.5,0.6857142857142857,0.26666666666666666,2,2,9,12,20151,20151,96,25,0,0,21460921
ttest_lr,0.5238095238095238,0.890602135384744,0.19390142021720969,0.42857142857142855,0.8571428571428571,0.0,0.8372093023255814,0.0,0,4,3,18,25,20151,96,25,0,0,21460921
logreg,0.746031746031746,0.9587144622899771,0.4935897435897436,0.6428571428571428,0.9523809523809523,0.3333333333333333,0.9302325581395349,0.4,1,2,1,20,20057,20057,97,24,0,1,21460921
svm,0.5873015873015873,0.9211089273561631,0.2777777777777778,0.5,0.6666666666666666,0.3333333333333333,0.7567567567567568,0.18181818181818182,1,2,7,14,20057,20057,97,24,0,1,21460921
rf,0.7142857142857143,0.9487006185535597,0.3402777777777778,0.5,1.0,0.0,0.9333333333333333,0.0,0,3,0,21,2682,20057,97,24,0,1,21460921
xgb,0.5714285714285714,0.9095094157566516,0.2772727272727273,0.6428571428571428,0.9523809523809523,0.3333333333333333,0.9302325581395349,0.4,1,2,1,20,122,20057,97,24,0,1,21460921
logreg_C0.1,0.7777777777777778,0.9657788264971986,0.5075757575757576,0.6428571428571428,0.9523809523809523,0.3333333333333333,0.9302325581395349,0.4,1,2,1,20,20057,20057,97,24,0,1,21460921
logreg_C100,0.6507936507936509,0.9359266493167422,0.2995642701525054,0.5,0.6666666666666666,0.3333333333333333,0.7567567567567568,0.18181818181818182,1,2,7,14,20057,20057,97,24,0,1,21460921
ttest_lr,0.8095238095238095,0.9719987489945473,0.37777777777777777,0.5952380952380952,0.8571428571428571,0.3333333333333333,0.8780487804878049,0.2857142857142857,1,2,3,18,25,20057,97,24,0,1,21460921
logreg,0.5079365079365079,0.9144875725294161,0.15604575163398693,0.4523809523809524,0.9047619047619048,0.0,0.8837209302325582,0.0,0,3,2,19,20098,20098,97,24,0,2,21460921
svm,0.4444444444444445,0.8919053345060017,0.14393939393939395,0.2857142857142857,0.5714285714285714,0.0,0.6666666666666666,0.0,0,3,9,12,20098,20098,97,24,0,2,21460921
rf,0.7142857142857143,0.956725336853647,0.25,0.5,1.0,0.0,0.9333333333333333,0.0,0,3,0,21,2633,20098,97,24,0,2,21460921
xgb,0.5396825396825398,0.9123820924606457,0.17485380116959065,0.47619047619047616,0.9523809523809523,0.0,0.9090909090909091,0.0,0,3,1,20,135,20098,97,24,0,2,21460921
logreg_C0.1,0.6031746031746033,0.9372913171819004,0.18571428571428572,0.4523809523809524,0.9047619047619048,0.0,0.8837209302325582,0.0,0,3,2,19,20098,20098,97,24,0,2,21460921
logreg_C100,0.4603174603174603,0.9050713351720023,0.14347961406784937,0.47619047619047616,0.6190476190476191,0.3333333333333333,0.7222222222222222,0.16666666666666666,1,2,8,13,20098,20098,97,24,0,2,21460921
ttest_lr,0.6349206349206349,0.9426698428611779,0.20419580419580421,0.40476190476190477,0.8095238095238095,0.0,0.8292682926829268,0.0,0,3,4,17,25,20098,97,24,0,2,21460921
logreg,0.761904761904762,0.9603191859583318,0.34920634920634924,0.5,1.0,0.0,0.9333333333333333,0.0,0,3,0,21,20177,20177,97,24,0,3,21460921
svm,0.7777777777777778,0.9596839516274452,0.5666666666666667,0.5952380952380952,0.5238095238095238,0.6666666666666666,0.6666666666666666,0.26666666666666666,2,1,10,11,20177,20177,97,24,0,3,21460921
rf,0.7222222222222222,0.9580858810713339,0.2409090909090909,0.5,1.0,0.0,0.9333333333333333,0.0,0,3,0,21,2695,20177,97,24,0,3,21460921
xgb,0.7301587301587302,0.9621063489075912,0.25,0.47619047619047616,0.9523809523809523,0.0,0.9090909090909091,0.0,0,3,1,20,141,20177,97,24,0,3,21460921
logreg_C0.1,0.7777777777777778,0.9657962485782514,0.3277777777777778,0.4523809523809524,0.9047619047619048,0.0,0.8837209302325582,0.0,0,3,2,19,20177,20177,97,24,0,3,21460921
logreg_C100,0.746031746031746,0.9496310415745353,0.5588235294117647,0.5714285714285714,0.47619047619047616,0.6666666666666666,0.625,0.25,2,1,11,10,20177,20177,97,24,0,3,21460921
ttest_lr,0.6031746031746033,0.9373997996212099,0.18803418803418806,0.47619047619047616,0.6190476190476191,0.3333333333333333,0.7222222222222222,0.16666666666666666,1,2,8,13,25,20177,97,24,0,3,21460921
logreg,0.425,0.8457899398484436,0.175,0.45,0.9,0.0,0.8571428571428571,0.0,0,4,2,18,20180,20180,97,24,0,4,21460921
svm,0.3375,0.7778371534707347,0.1527485994397759,0.35,0.45,0.25,0.5625,0.125,1,3,11,9,20180,20180,97,24,0,4,21460921
rf,0.3375,0.7771831131638138,0.35698093466635666,0.5,1.0,0.0,0.9090909090909091,0.0,0,4,0,20,2463,20180,97,24,0,4,21460921
xgb,0.4125,0.7829119917731272,0.2125,0.475,0.95,0.0,0.8837209302325582,0.0,0,4,1,19,138,20180,97,24,0,4,21460921
logreg_C0.1,0.42500000000000004,0.8419987383598738,0.18019823313940964,0.45,0.9,0.0,0.8571428571428571,0.0,0,4,2,18,20180,20180,97,24,0,4,21460921
logreg_C100,0.325,0.7754474475883818,0.14927637721755369,0.325,0.4,0.25,0.5161290322580645,0.11764705882352941,1,3,12,8,20180,20180,97,24,0,4,21460921
ttest_lr,0.4375,0.8744914591323933,0.17368881118881122,0.3,0.6,0.0,0.6666666666666666,0.0,0,4,8,12,25,20180,97,24,0,4,21460921
