,roc_auc,roc_auc,ap_normal,ap_normal,balanced_accuracy,balanced_accuracy,sensitivity,sensitivity,specificity,specificity,n_features_used,n_features_used
,mean,std,mean,std,mean,std,mean,std,mean,std,mean,std
config_id,,,,,,,,,,,,
logreg,0.9987698412698413,0.004775746810302791,0.9940000000000001,0.022785783269221163,0.9263690476190476,0.10277023865444218,0.9985714285714287,0.008164124190369769,0.8541666666666667,0.20562208860458064,20128.9,38.291676971014596
svm,0.997045634920635,0.00845413441808769,0.9865555555555555,0.038125258734011964,0.9615,0.04126679559191152,0.9329999999999999,0.06013873803053991,0.99,0.05714886933258843,20128.9,38.291676971014596
rf,0.9964761904761904,0.010107197222137385,0.983,0.04831504356143576,0.855,0.13089092965430724,1.0,0.0,0.71,0.2617818593086144,1158.25,79.70391863932817
xgb,0.9898253968253968,0.019268902457387,0.9558710317460317,0.08087639857445306,0.8804404761904762,0.11967346974466592,0.9883809523809524,0.023963618714085498,0.7725,0.23773358175120296,27.54,4.738452204352102
logreg_C0.1,0.9983273809523809,0.005308357114373623,0.9918333333333333,0.025568178700585927,0.924345238095238,0.10237471246798784,0.9995238095238095,0.004761904761904759,0.8491666666666667,0.20504817259956198,20128.9,38.291676971014596
logreg_C100,0.9978968253968254,0.007639441967363424,0.9869444444444444,0.045746738248280114,0.9583452380952382,0.03639541878935725,0.9200238095238096,0.06391104094645346,0.9966666666666667,0.033333333333333354,20128.9,38.291676971014596
ttest_lr,0.9754623015873015,0.0555783844661561,0.947464140821339,0.09152003140147802,0.917,0.10850862191034837,0.9923333333333333,0.023256147428784183,0.8416666666666667,0.20938287817900256,25.0,0.0
