dimension,group,k,n_observed_repeats,n_null_replicates,obs_mean,obs_median,obs_min,obs_max,null_mean,null_median,null_p2.5,null_p97.5,null_max,median_difference,frac_obs_repeats_above_null_p97.5,obs_min_above_null_max
resampling,logreg_C0.1|coef,10,20,30,0.4087163835300892,0.3947096650350321,0.2996640752471446,0.569793646223246,0.2913267428096106,0.28965927632210375,0.1768551684422688,0.4244739418370283,0.4897552548229196,0.10505038871292832,0.4,False
resampling,logreg_C100|coef,10,20,30,0.3646952682599097,0.36969766772243,0.2996640752471446,0.4497360591227565,0.2096208849217775,0.20962088492177744,0.0740558594874747,0.3716986275074382,0.4297264612726749,0.16007678280065257,0.45,False
resampling,logreg|coef,10,20,30,0.20461848545925704,0.20962088492177744,0.0795584988962471,0.3396832709473077,0.29666263556963235,0.2946616757846242,0.19961608599673675,0.4007125443900565,0.4297264612726749,-0.08504079086284677,0.0,False
resampling,logreg|perm,10,20,30,0.20161704578174477,0.18961128707169583,0.0995680967463288,0.3296784720222669,0.22396109671433598,0.21462328438429784,0.12858201362894717,0.36619598809866577,0.4097168634225933,-0.025011997312602008,0.0,False
resampling,logreg|shap,10,20,30,0.1540942508878011,0.1545944908340531,0.0495441021211249,0.2496400806219406,0.22596205649934403,0.21962568384681824,0.16134773010845563,0.3151715135809578,0.32967847202226697,-0.06503119301276514,0.0,False
resampling,rf|perm,10,20,30,0.10256953642384097,0.10457049620884915,0.0595489010461656,0.1996160859967367,0.04921060882362345,0.03953930319608401,-0.00047989250407898254,0.14058777233899591,0.16960168922161423,0.06503119301276514,0.05,False
resampling,rf|shap,10,20,30,0.09756713696132056,0.08456089835876754,0.0495441021211249,0.1696016892216142,0.04053978308858809,0.029534504271043205,0.0067735867165754395,0.11232421537575572,0.11957769459641032,0.055026394087724334,0.3,False
resampling,svm|coef,10,20,30,0.45223725885401667,0.4597408580477973,0.36969766772243,0.5297744505230828,0.2052854720542598,0.2046184854592571,0.10682157596698333,0.3134206737690757,0.3496880698723486,0.2551223725885402,1.0,True
resampling,svm|perm,10,20,30,0.547783088588156,0.5447816489106441,0.4797504558978789,0.6798464343986946,0.22095965703682374,0.21462328438429784,0.11957769459641032,0.33968327094730777,0.33968327094730777,0.3301583645263462,1.0,True
resampling,svm|shap,10,20,30,0.3341806315385353,0.3346808714847873,0.2296304827718591,0.4297264612726749,0.18761032728668767,0.17460408868413463,0.08681197811690178,0.31967367309722616,0.31967367309722616,0.16007678280065268,0.55,False
resampling,ttest|ttest,10,20,30,0.2631465591707457,0.26464727900950175,0.1996160859967367,0.3496880698723486,0.2019505390792462,0.18961128707169594,0.04954410212112492,0.34243459065169396,0.3496880698723486,0.0750359919378058,0.05,False
resampling,xgb|perm,10,20,30,0.2721508782032823,0.2746520779345426,0.2096208849217774,0.3396832709473077,0.11057337556387364,0.09956809674632883,0.04129014300796623,0.21337268451866775,0.24964008062194065,0.17508398118821378,0.9,False
resampling,xgb|shap,10,20,30,0.2611455993857375,0.2596448795469813,0.1896112870716959,0.3496880698723486,0.11290782864638317,0.09956809674632883,0.03678798349169779,0.25964487954698134,0.25964487954698134,0.16007678280065246,0.45,False
model,explainer=coef,10,20,30,0.19261272674920818,0.16960168922161434,0.0995680967463288,0.3396832709473077,0.23696733531688904,0.2496400806219407,0.07405585948747487,0.407215663691333,0.47975045589787885,-0.08003839140032637,0.0,False
model,explainer=perm,10,20,30,0.06821972678120095,0.0678862334836996,0.039539303196084,0.089563297821288,0.1159092683238954,0.11290782864638314,0.08314355184438682,0.16384892983971583,0.16626675624660073,-0.045021595162683545,0.0,False
model,explainer=shap,10,20,30,0.08822932463128254,0.0845608983587676,0.0595489010461656,0.1229126275714239,0.1461459939640187,0.14959209137153273,0.08614499152189908,0.20211728572799686,0.22629554979684552,-0.06503119301276514,0.0,False
explainer,model=logreg,10,20,30,0.14492318520651357,0.14625715839651904,0.079558498896247,0.2196256838468183,0.3823704130274817,0.36636273474741643,0.26681498544326054,0.48775429503791146,0.5264395175480693,-0.2201055763508974,0.0,False
explainer,model=rf,10,20,30,0.7708901046165659,0.7598848257990211,0.6598368365486131,0.8599328150494289,0.7585508526090156,0.759884825799021,0.6943533928400037,0.8399232171993474,0.8399232171993474,1.1102230246251565e-16,0.05,False
explainer,model=svm,10,20,30,0.36002636209489064,0.35969286879738926,0.2929942092971173,0.4130517963976069,0.2998864041121454,0.3063339411971717,0.15109281121028872,0.4774160028153693,0.5064299196979877,0.05335892760021754,0.0,False
explainer,model=xgb,10,20,30,0.9609812841923409,0.9599808042998368,0.9199616085996738,1.0,0.8866122788495377,0.899952010749592,0.8144109799404933,0.9399712064497553,0.9399712064497553,0.06002879355024482,0.6,False
combined,all_primary,10,20,30,0.1418995126425013,0.1415882522315,0.1182437214064048,0.1618201789465825,0.17384075958096493,0.1744929242516342,0.13648580477972921,0.2201148073498202,0.23429938893687802,-0.032904672020134196,0.0,False
baseline,logreg|coef_vs_ttest,10,20,30,-0.00047989250407889987,-0.0004798925040789,-0.0004798925040789,-0.0004798925040789,0.00018709409092373616,-0.00047989250407898254,-0.00047989250407898254,0.005022746904693418,0.01952970534600258,8.256199543477116e-17,0.0,False
baseline,logreg|shap_vs_ttest,10,20,30,0.0355373836260678,0.0295345042710433,-0.0004798925040789,0.1195776945964104,0.012859839395975393,0.01952970534600258,-0.00047989250407898254,0.03953930319608415,0.03953930319608416,0.01000479892504072,0.2,False
baseline,logreg|perm_vs_ttest,10,20,30,-0.00047989250407889987,-0.0004798925040789,-0.0004798925040789,-0.0004798925040789,0.0008540806859264549,-0.00047989250407898254,-0.00047989250407898254,0.010525386313465819,0.03953930319608414,8.256199543477116e-17,0.0,False
baseline,svm|coef_vs_ttest,10,20,30,-0.00047989250407889987,-0.0004798925040789,-0.0004798925040789,-0.0004798925040789,0.00018709409092373616,-0.00047989250407898254,-0.00047989250407898254,0.005022746904693418,0.01952970534600258,8.256199543477116e-17,0.0,False
baseline,svm|shap_vs_ttest,10,20,30,0.00452250695844145,-0.0004798925040789,-0.0004798925040789,0.0195297053460025,0.010191893015964517,-0.00047989250407898254,-0.00047989250407898254,0.045041942604856555,0.059548901046165705,8.256199543477116e-17,0.0,False
baseline,svm|perm_vs_ttest,10,20,30,0.0015210672809292402,-0.0004798925040789,-0.0004798925040789,0.0195297053460025,0.002188053875931893,-0.00047989250407898254,-0.00047989250407898254,0.025032344754774984,0.03953930319608416,8.256199543477116e-17,0.0,False
baseline,rf|shap_vs_ttest,10,20,30,0.16059737018907766,0.1595968902965736,0.0795584988962472,0.2596448795469815,0.058214927856160274,0.03953930319608415,0.014027065937230151,0.1761048085228908,0.2196256838468183,0.12005758710048944,0.4,False
baseline,rf|perm_vs_ttest,10,20,30,0.16660024954410213,0.1796064881466551,0.0995680967463288,0.2396352816968999,0.05954890104616572,0.03953930319608416,0.01952970534600258,0.1706021691141184,0.19961608599673675,0.14006718495057097,0.55,False
baseline,xgb|shap_vs_ttest,10,20,30,0.2146232843842979,0.1996160859967367,0.139587292446492,0.2996640752471446,0.05754794126115756,0.049544102121124936,0.014027065937230151,0.12157865438141849,0.17960648814665517,0.15007198387561177,1.0,False
baseline,xgb|perm_vs_ttest,10,20,30,0.2176247240618101,0.2096208849217775,0.1395872924464919,0.2996640752471446,0.06154986083117388,0.05954890104616571,-0.00047989250407898254,0.13608561282272766,0.17960648814665517,0.15007198387561177,1.0,False
sensitivity,logreg_coef_across_C,10,20,30,0.2383013085068943,0.23296541574687255,0.1062379626963559,0.3263435390472534,0.6700639643386548,0.6698416354736538,0.5384452762581182,0.8400899638480979,0.8932821447995648,-0.43687621972678126,0.0,False
resampling,logreg_C0.1|coef,25,20,30,0.3956753205589972,0.3912700379388175,0.3592316188829659,0.4793756903424098,0.3126424178392482,0.30516678672621617,0.22887530134946923,0.38736535561638563,0.4193036546126879,0.08610325121260132,0.55,False
resampling,logreg_C100|coef,25,20,30,0.417301253421697,0.41730125342169716,0.3672412236469288,0.4993997022523171,0.24656317853655405,0.24309234980550343,0.1578901791288479,0.3411098881044997,0.3672412236469288,0.17420890361619373,1.0,False
resampling,logreg|coef,25,20,30,0.2218668971810017,0.2250707390865868,0.1029242664361521,0.3191835950631513,0.31464481903023894,0.31317639149017906,0.228074340873073,0.40258360466791515,0.41129404984872486,-0.08810565240359225,0.0,False
resampling,logreg|perm,25,20,30,0.15738957883110008,0.1629963021658741,0.0748906497622819,0.2470971521874848,0.2444272839328306,0.2450947509964942,0.16189498151082926,0.3382064063775631,0.3672412236469288,-0.08209844883062009,0.0,False
resampling,logreg|shap,25,20,30,0.1700047063343417,0.17701311050280927,0.0788954521442635,0.2591115593334293,0.2531043557604571,0.2531043557604571,0.1782145512174037,0.33229932286414054,0.335202804591077,-0.07609124525764782,0.0,False
resampling,rf|perm,25,20,30,0.15839077942659543,0.1509818950199298,0.118943475964078,0.1990395236037073,0.05900493364708882,0.0528642366613839,0.021726898141477997,0.13756580704029184,0.1549866974019113,0.09811765835854591,0.7,False
resampling,rf|shap,25,20,30,0.1423715698986696,0.1369650866829947,0.0989194640541707,0.1910299188397444,0.055267118090572755,0.054866637852374556,0.010813811650578486,0.1269530807280409,0.1269530807280409,0.08209844883062015,0.55,False
resampling,svm|coef,25,20,30,0.501602343562407,0.4953948998703356,0.4393276665225951,0.5794957498919464,0.2544392898877843,0.25710915814243857,0.1710059069298372,0.3357034048888247,0.37925563079287317,0.23828574172789702,1.0,True
resampling,svm|perm,25,20,30,0.5911096767996927,0.5995197618018537,0.50740930701628,0.6635965999135571,0.24522824440922683,0.24309234980550332,0.18592379580271795,0.31858287470585395,0.35923161888296595,0.3564274119963504,1.0,True
resampling,svm|shap,25,20,30,0.33119800220909557,0.32919560101810486,0.2751307688613551,0.4032844450847619,0.2134568121788406,0.20905152955866108,0.15278405609182147,0.292651779282524,0.30716918791720693,0.12014407145944378,0.85,False
resampling,ttest|ttest,25,20,30,0.3454150506651298,0.3311980022090957,0.2951547807712623,0.4593516784325024,0.23294685043781704,0.2250707390865868,0.1138373529270516,0.3414102482831483,0.34721721173702147,0.10612726312250886,0.35,False
resampling,xgb|perm,25,20,30,0.2808963709680823,0.28588308930374395,0.2203990491242754,0.3200505826610321,0.13616412620659837,0.13696508668299462,0.07959629256111019,0.21956413581136225,0.26311636171541075,0.14891800262074933,1.0,False
resampling,xgb|shap,25,20,30,0.2771747183558939,0.2801900575549858,0.2203990491242754,0.3200505826610321,0.14083639565224343,0.1389674878739855,0.07088584738030063,0.22096581664505588,0.24709715218748485,0.14122256968100033,0.95,False
model,explainer=coef,25,20,30,0.22747362051577574,0.22707314027757755,0.134962685492004,0.3031643855352254,0.29729067537498594,0.3071691879172069,0.1509818950199298,0.4525435143831339,0.48738529510637274,-0.08009604763962933,0.0,False
model,explainer=perm,25,20,30,0.08914439757675777,0.0850547675453552,0.0693080501657279,0.1133895307347125,0.12259229591210569,0.12094587715506885,0.08977516528197979,0.1650988234164144,0.17768057756647287,-0.03589110960971366,0.0,False
model,explainer=shap,25,20,30,0.11858829924421752,0.1182059566682096,0.079019068137493,0.144307224383294,0.16597765505023818,0.16566617042052853,0.1136704861611359,0.20694900830812077,0.21372379900430608,-0.04746021375231893,0.0,False
explainer,model=logreg,25,20,30,0.1823528470121178,0.180350445821127,0.1296229489826952,0.2444272839328305,0.4149428697967524,0.4193036546126877,0.3325996830427891,0.4803768909379051,0.49005516336102695,-0.2389532087915607,0.0,False
explainer,model=rf,25,20,30,0.7476974499351677,0.7436926475531863,0.7036446237333718,0.8157790904288527,0.7682554354960057,0.7677214618450752,0.715258550641118,0.8281939778129953,0.8398079047207414,-0.024028814291888856,0.0,False
explainer,model=svm,25,20,30,0.4456018569210327,0.44600233715923077,0.420638588740015,0.482045558597064,0.34677223369457905,0.34988707999167573,0.21599318702076217,0.4869180681618081,0.49272503161568115,0.09611525716755503,0.0,False
explainer,model=xgb,25,20,30,0.9815779090428853,0.9799759880900927,0.9599519761801856,1.0,0.8940062302902241,0.8998799404504634,0.8456148681746146,0.9279135571243338,0.9279135571243338,0.0800960476396293,1.0,True
combined,all_primary,25,20,30,0.16893979864074565,0.16831283675356423,0.1515419509430737,0.1892266051971388,0.19212159830386966,0.18951699349544027,0.15723383651624523,0.2307442091277272,0.24300335419701485,-0.021204156741876035,0.0,False
baseline,logreg|coef_vs_ttest,25,20,30,0.002804206886615716,-0.0012005954953657,-0.0012005954953657,0.01481861403256,0.001202285933823099,-0.001200595495365775,-0.001200595495365775,0.01121429188877672,0.02282821879652299,7.502679033599691e-17,0.15,False
baseline,logreg|shap_vs_ttest,25,20,30,0.05246375642318575,0.0548666378523746,0.0068090092685971,0.0869050569082263,0.024430139749315564,0.02282821879652299,0.004606367958507334,0.046857033088411756,0.046857033088411756,0.03203841905585161,0.55,False
baseline,logreg|perm_vs_ttest,25,20,30,-0.0012005954953656997,-0.0012005954953657,-0.0012005954953657,-0.0012005954953657,0.0012022859338230991,-0.001200595495365775,-0.001200595495365775,0.01702125534264986,0.02282821879652295,7.502679033599691e-17,0.0,False
baseline,svm|coef_vs_ttest,25,20,30,8.452192287201291e-07,-0.0012005954953657,-0.0012005954953657,0.0068090092685971,0.0014692727592885292,-0.001200595495365775,-0.001200595495365775,0.01121429188877672,0.02282821879652299,7.502679033599691e-17,0.0,False
baseline,svm|shap_vs_ttest,25,20,30,0.0020032464102194307,-0.0012005954953657,-0.0012005954953657,0.01481861403256,0.02416315292385012,0.02282821879652295,0.004606367958507334,0.06147456178264406,0.07889545214426348,-0.024028814291888648,0.0,False
baseline,svm|perm_vs_ttest,25,20,30,0.0016027661720212905,-0.0012005954953657,-0.0012005954953657,0.01481861403256,0.006809009268597136,0.006809009268597133,-0.001200595495365775,0.02503086010661278,0.0308378235604859,-0.008009604763962832,0.0,False
baseline,rf|shap_vs_ttest,25,20,30,0.20664864812947212,0.2070491283676703,0.1670011045478556,0.2470971521874849,0.0687499527765771,0.05486663785237469,0.02282821879652299,0.13936796811218355,0.15098189501992978,0.15218249051529562,1.0,True
baseline,rf|perm_vs_ttest,25,20,30,0.22467025884838873,0.22306833789559616,0.1910299188397444,0.2951547807712625,0.07382270246042029,0.06287624261633766,0.028635182250396067,0.13716532680209376,0.1429722902559669,0.16019209527925848,1.0,True
baseline,xgb|shap_vs_ttest,25,20,30,0.24246701983304714,0.2463649854124976,0.1841920131806593,0.3222618441034657,0.07035187372936966,0.06688104499831907,0.02863518225039609,0.1211461172741679,0.126953080728041,0.17948394041417853,1.0,True
baseline,xgb|perm_vs_ttest,25,20,30,0.24406894078583968,0.24727482273731421,0.1841920131806593,0.3222618441034657,0.07168680785669683,0.07088584738030053,0.0308378235604859,0.1189434759640781,0.1189434759640781,0.1763889753570137,1.0,True
sensitivity,logreg_coef_across_C,25,20,30,0.2896815508492211,0.2964897148985895,0.1643312362932012,0.3538918823736573,0.7006187730447634,0.7023096896060446,0.5341747362691893,0.8325992604331749,0.8558271142486674,-0.40581997470745507,0.0,False
resampling,logreg_C0.1|coef,50,20,30,0.4311356861236656,0.4336416963169535,0.3885335128377728,0.4627114145590921,0.3342700387857806,0.3344036926627558,0.2804242330993364,0.39239276853543603,0.4025671699201845,0.09923800365419766,0.95,False
resampling,logreg_C100|coef,50,20,30,0.4395558803731127,0.4396561207808442,0.3865287046831425,0.4887739205692853,0.28247916145783236,0.28628829695162983,0.20609597076641972,0.3375111453024328,0.3404181171266467,0.15336782382921438,1.0,True
resampling,logreg|coef,50,20,30,0.23185775555341842,0.2331608808539281,0.1419421098182516,0.3223748437349744,0.33373542327787925,0.33039407635349544,0.2773167804596594,0.39464817770939503,0.4266248677757476,-0.09723319549956733,0.0,False
resampling,logreg|perm,50,20,30,0.14494932205019698,0.15697817097797856,0.0637545917876718,0.2321584767766129,0.2542113664775458,0.2502017501682854,0.19291435714972585,0.3155083758053658,0.3344036926627558,-0.09322357919030683,0.0,False
resampling,logreg|shap,50,20,30,0.18875438022886798,0.1880526973747474,0.0998411385710164,0.2943075295701508,0.271653197422829,0.2682450235599576,0.2130125588998941,0.33540609674007094,0.3644758149822097,-0.08019232618521022,0.0,False
resampling,rf|perm,50,20,30,0.1983774593710932,0.1920623136840079,0.1659998076738147,0.2421825175497641,0.07077142032887762,0.07077142032887773,0.040398576786229254,0.11046662179055655,0.12790845273583984,0.12129089335513016,1.0,True
resampling,rf|shap,50,20,30,0.1744200019232617,0.16800461582844495,0.1399373016636212,0.2221344360034617,0.06428920729557314,0.06375459178767179,0.034584633137801524,0.10134474468698898,0.11587960380805828,0.10425002404077316,1.0,True
resampling,svm|coef,50,20,30,0.4941869025867871,0.4947883450331762,0.4486777574766803,0.5388941244350418,0.289763297752989,0.2943075295701509,0.21847566112126154,0.3432248485431289,0.36648062313683993,0.20048081546302532,1.0,True
resampling,svm|perm,50,20,30,0.5881121646312145,0.5910191364554284,0.5368893162804116,0.6190864506202519,0.2644358880661601,0.2602257909414366,0.22158311376093842,0.31896666987210287,0.33640850081738616,0.33079334551399175,1.0,True
resampling,svm|shap,50,20,30,0.3888342340609673,0.3965527454562938,0.3163604192710836,0.4587017982498317,0.23930895919479428,0.24017770939513405,0.17291639580728901,0.2968636599673044,0.2983171458794114,0.15637503606115977,1.0,True
resampling,ttest|ttest,50,20,30,0.39895851524185005,0.4025671699201845,0.3424229252812769,0.4667210308683526,0.2639012725582587,0.2652378113280122,0.16214055197615146,0.3675832676218866,0.3704902394461005,0.13732935859217227,0.9,False
resampling,xgb|perm,50,20,30,0.2817153160565057,0.28173833427189354,0.2272378344650273,0.3300082270670507,0.13586085841587317,0.13693008943167612,0.09467875757284337,0.17812889700932769,0.21010558707568028,0.14480824484021743,1.0,True
resampling,xgb|shap,50,20,30,0.2817153160565057,0.28173833427189354,0.2272378344650273,0.3300082270670507,0.14448153348078327,0.14093970574093645,0.1034497932493507,0.20524392730070182,0.22413924415809194,0.1407986285309571,1.0,True
model,explainer=coef,50,20,30,0.24659309548995081,0.2542113664775458,0.1539709587460332,0.3103459948071929,0.3499075423918966,0.34442773343590716,0.19005750552937775,0.545209270122127,0.5829999038369074,-0.09021636695836138,0.0,False
model,explainer=perm,50,20,30,0.09054989258238189,0.08924572160465491,0.0717124622370675,0.116306519186686,0.12572543941190917,0.12490124050389449,0.10030892714043005,0.1569614642433566,0.1613219219796774,-0.03565551889923958,0.0,False
model,explainer=shap,50,20,30,0.13253086042325837,0.1294797938493022,0.1016174665905052,0.1526071544294297,0.1739522133538481,0.17435317498477404,0.12029018174824496,0.2086521011635733,0.21010558707568022,-0.044873381135471846,0.0,False
explainer,model=logreg,50,20,30,0.21892674295605324,0.2234709747732151,0.1726825015225821,0.2582209827868063,0.44747487258390206,0.45469218194057104,0.3839558675513669,0.498931615219412,0.5028075776516971,-0.23122120716735595,0.0,False
explainer,model=rf,50,20,30,0.7570172516588134,0.7554134051351091,0.715317242042504,0.8155576497740167,0.7488643651633172,0.7493989806712185,0.7091023367631503,0.7805737474757188,0.7834807192999327,0.006014424463890666,0.1,False
explainer,model=svm,50,20,30,0.5194474853351281,0.5228556591979997,0.4774133410263806,0.5522595121325768,0.39223127010075737,0.3992258229958007,0.27405896720838524,0.5120965221014839,0.5295383530467672,0.12362983620219897,0.75,False
explainer,model=xgb,50,20,30,1.0,1.0,1.0,1.0,0.8615345834535371,0.8636730454851428,0.8253812097317049,0.8957499759592269,0.8957499759592269,0.1363269545148572,1.0,True
combined,all_primary,50,20,30,0.18359074480634452,0.1837940307666203,0.1692025945972989,0.2028472871909313,0.20533265862458264,0.20199725187250897,0.1765985601179599,0.23354179440330786,0.24200431238046377,-0.01820322110588868,0.0,False
baseline,logreg|coef_vs_ttest,50,20,30,0.016240638522934725,0.0176440042311759,0.0016055389941339,0.0296728531589574,0.004278616533640916,0.0056151553033944035,-0.002404077315126596,0.015839676892008697,0.021653620540436447,0.012028848927781496,0.55,False
baseline,logreg|shap_vs_ttest,50,20,30,0.06816516972785827,0.0697690162515625,0.0417017020867389,0.1018459467256465,0.03541996986889751,0.03769208577747849,0.003409866333301146,0.054833195499567125,0.057740167323781,0.032076930474084005,0.85,False
baseline,logreg|perm_vs_ttest,50,20,30,-0.000800230791422335,-0.0024040773151265,-0.0024040773151265,0.0056151553033944,0.0037440010257395184,0.0016055389941339148,-0.002404077315126596,0.01473703240696206,0.017644004231175937,-0.004009616309260415,0.0,False
baseline,svm|coef_vs_ttest,50,20,30,-0.0010007116068853502,-0.0024040773151265,-0.0024040773151265,0.0056151553033944,0.0026747700099367137,0.0016055389941339148,-0.002404077315126596,0.0118300605827482,0.017644004231175937,-0.004009616309260415,0.0,False
baseline,svm|shap_vs_ttest,50,20,30,0.0022069814405229994,0.0016055389941339,-0.0024040773151265,0.0136343879219154,0.030341122543834188,0.029672853158957437,0.006316838157515016,0.05483319549956711,0.057740167323781,-0.028067314164823536,0.0,False
baseline,svm|perm_vs_ttest,50,20,30,0.0038108279642271948,0.0016055389941339,-0.0024040773151265,0.0136343879219154,0.010560348751482374,0.009624771612654914,-0.002404077315126596,0.03007381478988347,0.041701702086738957,-0.008019232618521013,0.0,False
baseline,rf|shap_vs_ttest,50,20,30,0.23356184248485423,0.23215847677661305,0.1820382729108567,0.2862882969516299,0.07070459339038998,0.06375459178767175,0.03438415232233855,0.1267055678430617,0.14996134243677267,0.16840388498894132,1.0,True
baseline,rf|perm_vs_ttest,50,20,30,0.2776676218867197,0.2742594480238483,0.2261440523127222,0.3344036926627559,0.07778824887008355,0.06776420809693226,0.0413007404558129,0.13652912780074994,0.1539709587460332,0.206495239926916,1.0,True
baseline,xgb|shap_vs_ttest,50,20,30,0.23978902260162246,0.243284658103222,0.1863458073454124,0.3032098939292389,0.07177382440619277,0.06776420809693229,0.037992807000673,0.11898705644773526,0.1218940282719491,0.1755204500062897,1.0,True
baseline,xgb|perm_vs_ttest,50,20,30,0.23978902260162246,0.243284658103222,0.1863458073454124,0.3032098939292389,0.07030363175946391,0.06776420809693223,0.03508583517645913,0.10806085200500039,0.11387479565342817,0.17552045000628977,1.0,True
sensitivity,logreg_coef_across_C,50,20,30,0.32150609353463455,0.3223748437349744,0.2167882809244476,0.3731633169856074,0.7161637165966811,0.7333605154341762,0.5933246658332532,0.8303264031797928,0.8516441965573612,-0.41098567169920186,0.0,False
