gene,panel,in_universe,selection_frequency,percentile_in_universe,in_S_cons,in_S_top25,in_S_top50,e_disc,e_ext
ADIPOQ,primary,True,0.0,0.4540461278457103,False,False,False,-0.4216628959276018,-0.4916083916083916
PLIN1,primary,True,0.001,0.924594890148126,False,False,False,-0.4015837104072398,-0.4846153846153846
FABP4,primary,True,0.076,0.996545382244756,False,False,False,-0.4445701357466063,-0.4909090909090909
LEP,extended,True,0.0,0.4540461278457103,False,False,False,-0.4216628959276018,-0.48951048951048953
LPL,extended,True,0.003,0.9590168008748384,False,False,False,-0.4154411764705882,-0.4874125874125874
CFD,extended,True,0.0,0.4540461278457103,False,False,False,-0.4015837104072398,-0.5
ADH1B,extended,True,0.005,0.9697783079829009,False,False,False,-0.4304298642533937,-0.46293706293706294
CIDEC,extended,True,0.0,0.4540461278457103,False,False,False,-0.3970588235294118,-0.49230769230769234
PLIN4,extended,True,0.0,0.4540461278457103,False,False,False,-0.3846153846153846,-0.4909090909090909
CD36,extended,True,0.003,0.9590168008748384,False,False,False,-0.4236425339366516,-0.4811188811188811
GPD1,extended,True,0.0,0.4540461278457103,False,False,False,-0.4278846153846154,-0.4965034965034965
