repeat,fold,seed,prep,fit:logreg,explain:logreg|coef,explain:logreg|shap,explain:logreg|perm,fit:svm,explain:svm|coef,explain:svm|shap,explain:svm|perm,fit:rf,explain:rf|shap,explain:rf|perm,fit:xgb,explain:xgb|shap,explain:xgb|perm,fit:logreg_C0.1,explain:logreg_C0.1|coef,fit:logreg_C100,explain:logreg_C100|coef,fold_total
0,0,20260921,1.0459263999946415,0.43427109997719526,0.0628668999997899,2.601211400004104,2.7782806000323035,0.3762692000018433,0.04325579997384921,0.12138000002596527,2.963766900007613,3.6833802000037394,0.36383659997954965,2.065982200030703,15.017336899996735,1.6085727000026964,11.140998999995645,0.39861390000442043,0.07247949996963143,0.19014369999058545,0.04780420003226027,46.15073829999892
0,1,20260921,1.1117845999542624,0.464321099978406,0.052409399999305606,2.5511020999983884,2.838330300000962,0.3968845999916084,0.0639841000083834,0.1047582000028342,3.0465391000034288,3.648159700038377,0.3951592000084929,1.94177989999298,15.082933800003957,1.55421590001788,12.843635700002778,0.38636000000406057,0.04222030000528321,0.1706038999836892,0.04295279999496415,47.808754900004715
0,2,20260921,1.2883128000539728,0.4949453999870457,0.0417994000017643,0.12286229996243492,2.7966747999889776,0.4021684000035748,0.041100500035099685,0.1322125000297092,2.731924500025343,3.2528474000282586,0.3338990999618545,2.373493099992629,13.349132200004533,1.6432997000520118,8.741111600014847,0.3772361999726854,0.042107899964321405,0.12552410003263503,0.07130000001052395,39.517779499990866
0,3,20260921,1.1170781999826431,0.46897200000239536,0.04018660000292584,0.14936479995958507,2.6032152999541722,0.22660890000406653,0.040910899988375604,0.1180307999602519,2.8152599000022747,3.4596817000419833,0.3037204000283964,2.211153900017962,14.639804899983574,1.5996035000425763,9.105408500006888,0.4710819000029005,0.041934499982744455,0.09124090004479513,0.041084299969952554,40.60938149999129
0,4,20260921,1.4196704999776557,0.4102592999697663,0.062014699971769005,0.13324399996781722,2.752664299972821,0.3295213000383228,0.0673596000415273,0.11073509999550879,3.057284900045488,3.2365478000137955,0.33887760003563017,2.949813899991568,14.531804799975362,1.5580053000012413,8.288034199969843,0.4188410000060685,0.061293400009162724,0.19492199999513105,0.07258580002235249,41.17004160000943
1,0,20260922,0.900296600011643,0.362474600027781,0.0626312000094913,0.10749379999469966,2.819454799988307,0.34682939999038354,0.04094139998778701,0.10582029999932274,3.090074600011576,3.428544000023976,0.41530819999752566,2.5388463999843225,14.77199350000592,1.5644255999941379,9.848314600007143,0.37301450001541525,0.043493299977853894,0.16398340003797784,0.0684569000150077,42.08077689999482
1,1,20260922,1.4316010999609716,0.3978642000001855,0.07213360001333058,0.1410918000037782,3.0311510000028647,0.43574919999809936,0.06755360000533983,0.10793669999111444,2.8717951999860816,3.370971299998928,0.3443920999998227,2.6648545999778435,14.003723300003912,1.5298341999878176,10.136928900028579,0.41642120003234595,0.06559029995696619,0.19638059998396784,0.07233639998594299,42.46026259998325
1,2,20260922,1.270325599994976,0.34811080002691597,0.04335900000296533,0.11006090004229918,2.8302136000129394,0.38172750000376254,0.07043290004367009,0.13919229997554794,3.0994053999893367,3.382887700048741,0.38620949996402487,3.0102954999892972,13.419798100017942,1.621818300045561,9.804014399996959,0.3742163000279106,0.04177650000201538,0.16684540000278503,0.04145360004622489,41.60624229995301
1,3,20260922,1.3104310000198893,0.5333362999954261,0.06402550003258511,0.13779280002927408,2.97676530003082,0.3334222999983467,0.041590599983464926,0.10757599998032674,3.0851858999812976,3.3895053999731317,0.34326280001550913,2.6305970000103116,14.488542600010987,1.6173450000351295,10.357978900021408,0.5134877000236884,0.0759591999812983,0.14082209998741746,0.06998339999699965,43.378729000047315
1,4,20260922,1.1276702000177465,0.49875389999942854,0.06837439996888861,0.1393149999785237,3.021963000006508,0.2994575999910012,0.041510900016874075,0.14055920002283528,3.0471634000423364,3.4188227999839,0.3599474999937229,2.4706297000520863,14.409166600031313,1.5847720999736339,12.358267300005537,0.46583810000447556,0.04298470000503585,0.11523170000873506,0.058104800002183765,44.694835799979046
2,0,20260923,1.390086000028532,0.4024435000028461,0.07868819998111576,0.13877469999715686,3.0411840000306256,0.36065719998441637,0.0552581999800168,0.12115429999539629,2.9985869000083767,3.4700414999970235,0.26943909999681637,2.8661467999918386,14.122792800015304,1.5667644999921322,10.246764099982101,0.40545650001149625,0.084535300033167,0.215374699968379,0.07201530004385859,43.03142569999909
2,1,20260923,1.136317099968437,0.36228770000161603,0.043112400046084076,0.15296999999554828,2.9272156999795698,0.4701397000462748,0.07272009999724105,0.13941120001254603,3.057764799974393,3.2303544000023976,0.362933799973689,2.741201299999375,13.053560800035484,1.7125495000509545,9.51784129999578,0.41809659998398274,0.04710919997887686,0.18875700002536178,0.06806009996216744,40.84876919997623
2,2,20260923,1.4220735999988392,0.5233104000217281,0.06951820000540465,0.1275564000243321,3.099355599959381,0.29335599998012185,0.04133719997480512,0.10968669998692349,2.931951600010507,3.3447676000068896,0.3585766999749467,2.4201920999912545,14.924302299972624,1.5768183000036515,13.138322399987374,0.5068647000007331,0.047197500010952353,0.09253560000797734,0.053796400025021285,46.21792560000904
2,3,20260923,1.2934000000241213,0.40520269999979064,0.05928029998904094,0.14952750003430992,2.9512451000045985,0.28177230001892895,0.041454599995631725,0.14560059999348596,2.950861699995585,3.471604499965906,0.2609389999997802,2.3102054999908432,14.915452899993397,1.7084924000082538,11.274420099973213,0.40438739996170625,0.06608119996963069,0.19308110000565648,0.05704059998970479,43.98191140004201
2,4,20260923,0.9622585999895819,0.47990169998956844,0.05589030002010986,0.13665830000536516,3.0091951999929734,0.4438409000285901,0.043939399998635054,0.1407857000012882,3.1445653999689966,3.372781699988991,0.31080089998431504,1.8656917999614961,14.050582900003064,1.5003160000196658,9.369334399991203,0.5433269999921322,0.07245629996759817,0.12901239999337122,0.07116779999341816,40.81011160003254
3,0,20260924,1.0170472000027075,0.37889029999496415,0.059141899982932955,0.10952240001643077,2.9154833999928087,0.3988324000383727,0.06541159999324009,0.15095330000622198,3.0853541999822482,3.427889199985657,0.3387053000042215,2.329414200037718,14.17661299998872,1.4671035999781452,11.301497799984645,0.44164539995836094,0.0677309000166133,0.1983699999982491,0.04592699999921024,43.054326199984644
3,1,20260924,1.4421975000295788,0.5224186999839731,0.06547370000043884,0.11477570002898574,2.8460692000226118,0.3163856999599375,0.06406740000238642,0.12698930001351982,3.1017414000234567,3.629392299975734,0.3430144999874756,2.3902888000011444,12.093598400009796,1.4484823999810033,8.561773399997037,0.37940390000585467,0.049341000034473836,0.14340810000430793,0.04178899998078123,38.824108799977694
3,2,20260924,0.9850236000493169,0.5019496000022627,0.053630700043868273,0.11863230000017211,3.0535415000049397,0.4052747000241652,0.04654300003312528,0.14747199998237193,3.084261499985587,3.5283404999645427,0.26501020003343,2.3085484000039287,13.32455319998553,1.6269913000287488,9.312499599996954,0.4984112999518402,0.06805820000590757,0.11382760002743453,0.06748559995321557,40.62218169996049
3,3,20260924,1.2505903000128455,0.44154319999506697,0.041835399984847754,0.14246609999099746,3.028681299998425,0.34033789997920394,0.059175900008995086,0.13768760004313663,2.9147054000059143,3.329440799949225,0.30066900001838803,2.8713669999851845,14.476070899982005,1.552361500042025,12.61717939999653,0.42099959996994585,0.073085899988655,0.1959774999995716,0.05453480000142008,45.295472499972675
3,4,20260924,0.9469920999836177,0.42759770003613085,0.04086430004099384,0.1047528000199236,2.7841911999857984,0.3604259999701753,0.05872909998288378,0.12923909997334704,3.05753829999594,3.245899300032761,0.42594450002070516,2.6719898999435827,13.328326900023967,1.6043185000307858,11.934539799985941,0.48750940000172704,0.06719009997323155,0.14742920000571758,0.05584749998524785,43.01432409998961
4,0,20260925,1.327682500006631,0.4000942999846302,0.04909860005136579,0.11878110002726316,3.0152702999766916,0.41919569997116923,0.07020600000396371,0.11702810000861064,2.982519900018815,3.42082489997847,0.3308707000105642,2.659224800008815,14.347930999996606,1.5233069999958389,13.912601199990604,0.36597909999545664,0.04238669999176636,0.17492449999554083,0.05943790002493188,46.416588700027205
4,1,20260925,1.2750618000281975,0.48798299999907613,0.0671909999800846,0.10587890003807843,2.988877700001467,0.3516520999837667,0.06959719996666536,0.10904949996620417,3.0777472000336275,3.505366600002162,0.408319299982395,2.6602653000154532,13.136918900010642,1.5884064999991097,10.93947650003247,0.5860698000178672,0.060634099994786084,0.13247579999733716,0.052144500019494444,42.79670190002071
4,2,20260925,1.3386547000263818,0.4831012000213377,0.041500299994368106,0.11089299997547641,3.0042858999804594,0.2881526999990456,0.06781929999124259,0.10916699998779222,3.009490399970673,3.392034500022419,0.34638870001072064,2.319612200022675,14.093668800021987,1.5540973000461236,9.733995700022206,0.5713339999783784,0.07762359996559098,0.15221500000916421,0.06627940002363175,41.945420200005174
4,3,20260925,1.0775937999715097,0.44588740001199767,0.055814500025007874,0.10792849998688325,2.939567400026135,0.4465075000189245,0.04213050001999363,0.13742589997127652,3.058171500044409,3.456934200017713,0.2658050999743864,2.686780199990608,12.954981199989561,1.5735770000028424,12.693139099981636,0.37504399998579174,0.04753299994627014,0.13941260002320632,0.04237979999743402,43.56980820000172
4,4,20260925,1.4373873000149615,0.489724799990654,0.08577219996368513,0.13347880000947043,2.7778765000402927,0.3425468999776058,0.040891999960877,0.10784569999668747,2.953112799965311,3.3744682000251487,0.3439635999966413,2.732441200001631,14.245277700014412,1.5809279000386596,9.39288800000213,0.37192340003093705,0.05561930005205795,0.09758090000832453,0.060305099992547184,41.87860100000398
5,0,20260926,0.9545179000124335,0.38300540001364425,0.05844629998318851,0.12292120000347495,2.6668291999958456,0.36968360003083944,0.042171499982941896,0.11853310000151396,3.0634088999941014,3.4773379000253044,0.26761629997054115,2.464485100004822,14.584902100032195,1.5696171000017785,10.573651600047015,0.3515198000241071,0.0436049000127241,0.16628290002699941,0.04167130001587793,42.37767789995996
5,1,20260926,1.348977699992247,0.41404180001700297,0.07163860002765432,0.1384396000066772,2.983792999992147,0.4018295999849215,0.043312399997375906,0.1315106000402011,2.6853337000356987,3.1996525000431575,0.324651500035543,2.9034327000263147,14.12275610002689,1.6173603999777697,14.358999199990649,0.4031383999972604,0.07213789998786524,0.20513580000260845,0.07278290000976995,46.68137679999927
5,2,20260926,1.1344225999782793,0.4876388999982737,0.06305019999854267,0.10804439999628812,2.547493099991698,0.3278637999901548,0.04160830000182614,0.1048140000202693,3.0525791000109166,3.35325919999741,0.3849047000403516,2.2639845999656245,14.569701600004919,1.6856606000219472,11.897518399986438,0.4259864999912679,0.042546400043647736,0.08855369995580986,0.04175490001216531,43.69795840000734
5,3,20260926,0.9933356999536045,0.4022864000289701,0.04232019995106384,0.150459700031206,2.885235499998089,0.28411900001810864,0.041369999991729856,0.10919899999862537,2.8281272999593057,3.3150442999904044,0.3568006999557838,2.47319140000036,14.58562399999937,1.8389739000122063,11.55806670000311,0.43208439997397363,0.05947920004837215,0.20051420002710074,0.05354230001103133,43.73904940002831
5,4,20260926,1.1466821000212803,0.5386491999961436,0.06293939996976405,0.13795599999139085,2.6826017000130378,0.3666868999716826,0.06813829997554421,0.13779050001176074,2.839994999987539,3.4840133999823593,0.2627140000113286,2.150181100005284,14.492287600005511,1.6387837000074796,8.856787300028373,0.6143582999939099,0.08171309996396303,0.15178580000065267,0.06511399999726564,40.81048320000991
6,0,20260927,1.3219351000152528,0.3800488000269979,0.048624199989717454,0.1536500999936834,2.9240448000491597,0.4284267000039108,0.04344829998444766,0.11582489998545498,3.1283712000004016,3.229185900010634,0.3399309999658726,2.5181736000231467,13.802085499977693,1.5655037999968044,10.969418700027745,0.34751449996838346,0.07130679994588718,0.17614910000702366,0.06840889999875799,42.7083853999502
6,1,20260927,1.2921853000298142,0.4552401999826543,0.04399799997918308,0.10642440000083297,3.1138847999973223,0.3723440000321716,0.06994879996636882,0.10725100000854582,3.0484359000111,3.46139959996799,0.26090719999046996,2.6577416000072844,12.935332100023516,1.5975124000106007,8.421138300036546,0.5593781000352465,0.06657869997434318,0.17102680000243708,0.054983199981506914,39.894088400003966
6,2,20260927,1.2886516000144184,0.45912409998709336,0.042094599979463965,0.14036650001071393,2.655773699982092,0.300013400032185,0.04112459998577833,0.10441369999898598,2.991292599996086,3.3528038999647833,0.3566732000326738,2.2174189999932423,13.110475800000131,1.6066247000126168,14.001443099987227,0.5729026999906637,0.055675200012046844,0.14955890004057437,0.05678959999931976,44.60667489998741
6,3,20260927,1.3371367999934591,0.4898011999903247,0.06793149997247383,0.12162300001364201,2.557649999973364,0.35298550000879914,0.06788099999539554,0.11278499994659796,2.939737699984107,3.5481487999786623,0.2623471999540925,2.274722100002691,14.435262000013608,1.5410583000048064,12.59316490002675,0.3992763999849558,0.04321809997782111,0.14544969995040447,0.04293290001805872,44.35008010000456
6,4,20260927,0.967410999990534,0.46692660002736375,0.05499570001848042,0.13978430000133812,2.7222793000400998,0.377710799977649,0.043716999993193895,0.14030630001798272,3.084503600024618,3.3527128000278026,0.3371286999899894,2.613039900024887,14.660414099984337,1.579992500017397,9.508976600016467,0.49974940001266077,0.041580599965527654,0.10639129998162389,0.06763969996245578,41.86745730001712
7,0,20260928,1.028015999996569,0.5304143999819644,0.0423397000413388,0.12317330000223592,2.7353526999941096,0.4232548999716528,0.0692943999893032,0.1167540000169538,3.0085818000370637,3.527129699999932,0.26426419999916106,2.4140122000244446,12.916012100002263,1.5932872000266798,7.64254610001808,0.5842880000127479,0.06427380000241101,0.19711399998050183,0.06470709998393431,38.44345960003557
7,1,20260928,1.303227500000503,0.39692119997926056,0.08611470001051202,0.13261770003009588,2.9207621999667026,0.47751430002972484,0.07395490002818406,0.152861499984283,3.139820500044152,3.416677599947434,0.3509838000172749,2.8297053999849595,12.545117100002244,1.5618236999725923,9.496538900013547,0.4078499000170268,0.07100210001226515,0.19626660004723817,0.07081860001198947,40.75208780000685
7,2,20260928,1.0228372000274248,0.31334610003978014,0.06962139997631311,0.11493919999338686,3.1510511000524275,0.3695014999830164,0.06272980000358075,0.11526150000281632,3.0760109000257216,3.516359700006433,0.2637339999782853,2.4699388000299223,14.191439700021874,1.5737071000039577,12.679599399969447,0.32739669998409227,0.0680358000099659,0.15355530002852902,0.06739799998467788,44.736319299961906
7,3,20260928,1.3688252000138164,0.42287629999918863,0.06294440000783652,0.15270350000355393,3.3722464999882504,0.45253810001304373,0.07294089999049902,0.13683060003677383,3.1146102999919094,3.358644599968102,0.39573520002886653,2.603387399984058,11.871097100025509,1.5167105000000447,8.91898030001903,0.4016465999884531,0.07282729999860749,0.19726600003195927,0.04362630000105128,39.622740100021474
7,4,20260928,1.2634549000067636,0.41789670003345236,0.05843869998352602,0.12161929998546839,2.996532200020738,0.4450805999804288,0.06008540000766516,0.13142819999484345,3.0047637000097893,3.862926299974788,0.3796251999447122,2.9217337999725714,14.189254999975674,1.5285117999883369,8.863972800027113,0.36526280001271516,0.06105089996708557,0.18472259998088703,0.06765570002608001,42.154243600030895
8,0,20260929,1.3866935000405647,0.4066962000215426,0.06872549996478483,0.16598940000403672,3.2934087999747135,0.42009570001391694,0.07051829999545589,0.1487288999487646,3.3093670000089332,3.6459997999481857,0.2751000000280328,2.19849839998642,12.419325400027446,1.4886053000227548,6.2487242999486625,0.4359952000086196,0.07251870003528893,0.19878460001200438,0.041552600043360144,37.36082479998004
8,1,20260929,1.1534238000167534,0.4184794999891892,0.06146329996408895,0.14432940003462136,3.0237277999985963,0.4369668999570422,0.06917549995705485,0.1288353000418283,3.3868630999932066,3.9934647000045516,0.37376940000103787,2.8808849999913946,13.61801800003741,1.4340927000157535,8.199856600025669,0.384063099976629,0.05703249998623505,0.18193299998529255,0.06139129999792203,41.189580800011754
8,2,20260929,1.3671158999786712,0.531475399970077,0.08007359999464825,0.14488170004915446,3.3804935999796726,0.4056290999869816,0.05518109997501597,0.12372380000306293,3.4295413000509143,3.8523102000472136,0.26818450004793704,2.0654658999992535,11.347786300000735,1.3470214999979362,10.848201699962374,0.5624361999798566,0.043626800004858524,0.09451109997462481,0.07825869997031987,41.06672330002766
8,3,20260929,1.0486357999616303,0.3625807000207715,0.042167400009930134,0.10846640000818297,3.2315010000020266,0.45121269999071956,0.04749839997384697,0.1516334000043571,3.3153494999860413,3.948388700024225,0.37521940004080534,2.7938858999987133,14.177445000037551,1.2300012999912724,10.986522999999579,0.3733298999723047,0.041312400018796325,0.16772850003326312,0.06840310001280159,44.06463460001396
8,4,20260929,1.326864000002388,0.45210770005360246,0.06658639997476712,0.1530664999736473,3.252113900030963,0.4803633000119589,0.06630060001043603,0.1445774000021629,3.309142599988263,3.9630901999771595,0.39190859999507666,2.541632100008428,13.04168630001368,1.363644600030966,8.750569400028326,0.4244419999886304,0.044858999957796186,0.19282240001484752,0.06357080000452697,41.23189260001527
9,0,20260930,1.4901857999502681,0.3816225999617018,0.05018829996697605,0.18045089999213815,3.3210655000293627,0.4367144000134431,0.07480689999647439,0.13907239999389276,3.3916210000170395,3.9780833999975584,0.3687985999858938,2.7550267000333406,13.285057800007053,1.2980268999817781,12.351214800029993,0.43036359996767715,0.0663740000454709,0.18931460002204403,0.07448359997943044,45.44015819998458
9,1,20260930,1.257458999985829,0.5568025999818929,0.06632649997482076,0.15873790002660826,3.346008999971673,0.5093295000260696,0.04179010004736483,0.10473459999775514,3.3720291000208817,4.0771432999754325,0.38554069999372587,2.6469976999796927,12.78781720000552,1.2178433000226505,8.756045299989637,0.5902593999635428,0.0678788999794051,0.16443139995681122,0.05866739997873083,41.31161350000184
9,2,20260930,1.3841534000239335,0.38658639998175204,0.07956959999864921,0.14104000001680106,3.2320026000379585,0.44746090000262484,0.08045209996635094,0.11497489997418597,3.264573299966287,3.939645099977497,0.3417279999703169,3.0138088999665342,11.753526899963617,1.435665600001812,10.05578749999404,0.40640259999781847,0.06777760002296418,0.19838349998462945,0.07038179994560778,41.6587920000311
9,3,20260930,1.2628955999971367,0.6145223999628797,0.08932969998568296,0.228579799993895,3.374871300009545,0.36354380002012476,0.07857400004286319,0.13189740001689643,3.3149612999986857,4.0857082000002265,0.3661574000143446,2.484480299986899,12.742616000003181,1.3276359000010416,6.890824700007215,0.5610581000219099,0.04374930000631139,0.09171950002200902,0.0684692999930121,39.30620900000213
9,4,20260930,1.267438500013668,0.40449389995774254,0.04186320002190769,0.14909910003188998,3.299003000021912,0.45948660001158714,0.0668069000239484,0.16107520001241937,3.3020115999970585,4.138193899998441,0.40455720003228635,2.9389698999584652,10.837890600028913,1.269178299990017,11.523719799995888,0.41612629999872297,0.04173240001546219,0.1862322999513708,0.08290119998855516,42.10179909999715
10,0,20260931,1.496530000003986,0.42018180002924055,0.06580839998787269,0.15933140000561252,3.202792399970349,0.4451853000209667,0.07190229999832809,0.11833339999429882,3.3092066000099294,3.948101299989503,0.3817373000201769,2.662499799975194,13.20205600000918,1.275158200005535,9.064388500002678,0.40953919995808974,0.06974070001160726,0.19066130003193393,0.061408700013998896,41.65816749999067
10,1,20260931,1.199009100033436,0.6047140000155196,0.047071199980564415,0.1425926999654621,3.201565900002606,0.4492996000335552,0.0628030999796465,0.1295162999886088,3.2807001000037417,4.118547199992463,0.3875923999585211,2.874469799979124,10.641302999982145,1.1251027999678627,9.28309270000318,0.5778804000001401,0.04156060004606843,0.15313619998050854,0.067179000005126,39.57430300000124
10,2,20260931,1.4639990999712609,0.5701128999935463,0.08198220003396273,0.15473879995988682,3.297072899993509,0.47242319997167215,0.06587990000844002,0.12043800001265481,3.3214617000194266,3.973659899958875,0.3799845000030473,2.6982547999941744,13.231597899983171,1.3216949999914505,11.240768799965736,0.40873919997829944,0.05991120001999661,0.14453190000494942,0.07713330001570284,44.23080720001599
10,3,20260931,1.51679049996892,0.5765409000450745,0.07133310002973303,0.10941100004129112,3.2967448999988846,0.35420040000462905,0.06483960000332445,0.12495689996285364,3.360154499998316,4.159820199944079,0.2981140000047162,2.9453845999669284,12.765087199979462,1.258532700012438,8.921163199993316,0.5424163999850862,0.06865359999937937,0.11695649998728186,0.05674160004127771,41.75890260003507
10,4,20260931,1.1420087000005879,0.504520800022874,0.06658149999566376,0.11658249999163672,3.2873089999775402,0.46765460004098713,0.06444530002772808,0.15229870000621304,3.2352945000166073,4.095052299962845,0.36306230002082884,2.5178558999905363,13.079124699987005,1.3791075999615714,9.68819319998147,0.4120737999910489,0.06721310003194958,0.1499885999946855,0.07619980000890791,42.06692050001584
11,0,20260932,1.4088767999783158,0.5954767999937758,0.06427030003396794,0.1581857000128366,3.187062499986496,0.500140099960845,0.07787720003398135,0.14422040001954883,3.1506972000352107,3.966836699983105,0.36610749998362735,2.6157729999977164,12.868050899996888,1.3511484999908134,6.833364700025413,0.5349505000049248,0.04092599998693913,0.11063200002536178,0.04360179998911917,39.12811140000122
11,1,20260932,1.3406109000206925,0.39798060001339763,0.04243870003847405,0.1385073999990709,3.206835700024385,0.36355229996843264,0.06533049995778129,0.14571110001998022,3.2419439000077546,4.072928100009449,0.3695154000306502,2.5458372000139207,12.962411200045608,1.3561968000140041,9.520055100030731,0.3940561999916099,0.041673699975945055,0.20452149998163804,0.0699529999983497,41.67217399994843
11,2,20260932,1.3381384999956936,0.42645799997262657,0.07097960001556203,0.1482767999987118,3.338206800050102,0.40818460000446066,0.06870299996808171,0.1559815999935381,3.3900707000284456,4.082903000002261,0.36709709995193407,3.37565280002309,13.537426900002174,1.3486744000110775,10.413726600003429,0.4585674000554718,0.06889850000152364,0.19363230001181364,0.07392830000026152,44.42386690003332
11,3,20260932,1.433196300000418,0.5334912000107579,0.07035470003029332,0.14392279996536672,3.230810500041116,0.34124949999386445,0.06827019999036565,0.15074660000391304,3.1834193999529816,4.042552400031127,0.351385299989488,2.3802076000138186,11.464517000014894,1.3319579000235535,8.985272499965504,0.5978242999990471,0.07333409995771945,0.15918119996786118,0.041697499982547015,39.79504990001442
11,4,20260932,1.2448884000186808,0.4527433000039309,0.06484539998928085,0.14749900001334026,3.2737603000132367,0.3094755000201985,0.07065730000613257,0.11687939998228103,3.456319499993697,4.0219222999876365,0.4361646000179462,3.20111960003851,12.776167900010478,1.2214901999686845,11.64980369998375,0.410959999950137,0.04239899996900931,0.18722210003761575,0.04678460001014173,44.359577199968044
12,0,20260933,1.426667699997779,0.4107351000420749,0.042852999991737306,0.1489146000239998,3.2528893999988213,0.46191249997355044,0.06589710002299398,0.14689789997646585,3.2654084999812767,4.0341340999584645,0.39437210001051426,2.8298297000001185,13.378304199955892,1.360715100017842,6.354165800032206,0.4033940000226721,0.06663669995032251,0.18562479998217896,0.04144910001195967,39.38123609998729
12,1,20260933,1.5398132000118494,0.4149250999907963,0.041273899958468974,0.16241229994921014,3.168753000034485,0.3533142000087537,0.050404900044668466,0.13922439998714253,3.2294707000255585,3.9572186000295915,0.40164070000173524,2.464531200006604,12.719111100013833,1.2064030000474304,11.413852000026964,0.45379209995735437,0.0764680000138469,0.2069683000445366,0.06368089996976778,43.296363200002816
12,2,20260933,1.0617864999803714,0.5623163999989629,0.07777690002694726,0.13335710001410916,3.2678434000117704,0.4847245999844745,0.05101300001842901,0.13937170000281185,3.243622599984519,3.8852518999483436,0.3424152999650687,2.6596001000143588,13.891623300034553,1.3860970999812707,8.651944599987473,0.5281241000047885,0.06366210000123829,0.14921440003672615,0.04124639998190105,41.72480769996764
12,3,20260933,1.4338812999776565,0.3955522000323981,0.05844329996034503,0.14601619995664805,3.1902652999851853,0.36736520001431927,0.07171220000600442,0.12805280002066866,3.2872137000085786,4.110791999963112,0.2991901999921538,2.481792399950791,11.153950000007171,1.4553770000347868,8.442917999986093,0.4096889999927953,0.07061950000934303,0.19624700001440942,0.06588349997764453,38.971437000029255
12,4,20260933,1.1532313999487087,0.4322266000090167,0.041506299981847405,0.10654760000761598,3.044007499993313,0.40592270001070574,0.05417790001956746,0.14819619996706024,3.289325700025074,3.9428973000030965,0.37748859997373074,2.214280600019265,13.695270999975037,1.3966621999861673,6.173047399963252,0.5315552999963984,0.05638069997075945,0.09771970001747832,0.054514599964022636,38.39085849997355
13,0,20260934,1.220714399998542,0.473116300010588,0.04155590001028031,0.1422809999785386,3.294032099947799,0.33573269995395094,0.06572920002508909,0.1502817000146024,3.224495700036641,4.130517800047528,0.26598629995714873,2.3130980999558233,12.312841800041497,1.537468100024853,12.28111009998247,0.3760926999966614,0.06497780000790954,0.13772549998247996,0.04185650002909824,43.56218320003245
13,1,20260934,1.161742799973581,0.35259089997271076,0.04166560003068298,0.12474160001147538,2.9312717000138946,0.5315795000060461,0.07786190003389493,0.1367784999893047,3.2959851000341587,4.002127199957613,0.3941399000468664,2.4663524000206962,14.538892800046597,1.3508663999964483,7.8380152999889106,0.38986240001395345,0.053974199981894344,0.17617890000110492,0.0604075999581255,41.04055610002251
13,2,20260934,1.2543948999955319,0.5100289999973029,0.07332749996567145,0.15222450002329424,3.1156041999929585,0.46201590000418946,0.0725104000302963,0.14217949996236712,3.4778701000032015,3.614237600006163,0.3433085000142455,2.4610667999950238,12.748229800025001,1.5337275000056252,7.359304299985524,0.5755082999821752,0.0483525000163354,0.11011860001599416,0.06195800000568852,39.24572539998917
13,3,20260934,1.2218865999602713,0.4568997000460513,0.05386500002350658,0.12541179999243468,2.9688107999973,0.4682572999736294,0.07557400001678616,0.27432169998064637,3.2009369999868795,3.929304899997078,0.2947872999939136,2.6903161000227556,13.995332700025756,1.360891999967862,10.68749719997868,0.36380689998622984,0.0443739999900572,0.1416662000119686,0.06035649997647852,43.458912800007965
13,4,20260934,1.2628689999692142,0.5427811000263318,0.08244269998976961,0.11614439997356385,3.290723300015088,0.39093519997550175,0.07674510002834722,0.1364125999971293,3.2628183999913745,4.1081371999462135,0.38628760003484786,2.2517160999705084,12.5820001999964,1.2026288000051863,11.75967749999836,0.5643312999745831,0.05952060001436621,0.17866639996645972,0.04142140003386885,43.55580189998727
14,0,20260935,1.0302243999904022,0.3525266000069678,0.0780749999685213,0.12763990001985803,3.2900521000265144,0.46108300000196323,0.06655039999168366,0.14402430003974587,3.265783899987582,3.837129099993035,0.40385459997924045,2.411001699976623,14.320231100020465,1.295074299967382,9.213219199969899,0.4458905000356026,0.05977260001236573,0.1746224999660626,0.058433900005184114,42.2069812999689
14,1,20260935,1.451918599952478,0.5099970999872312,0.0776781999738887,0.14406169997528195,3.231510100013111,0.37297640001634136,0.04143560002557933,0.146547400043346,3.4306569000473246,4.129285399976652,0.2589295000070706,1.9907280000043102,12.507737800013274,1.2883591999998316,10.94690989999799,0.5268055999767967,0.05220999999437481,0.13582349999342114,0.06540949997724965,42.42777820001356
14,2,20260935,0.9225417000125162,0.458387800026685,0.06706570001551881,0.1097221999661997,3.141263399971649,0.40840190002927557,0.04177670000353828,0.14998039999045432,3.2896790000377223,4.020469899987802,0.3663821999798529,2.7999950000084937,12.816212799982168,1.2328846999444067,11.183103000046685,0.5915603999746963,0.04346469999291003,0.14793759997701272,0.07265689998166636,43.04679210000904
14,3,20260935,1.3110931999981403,0.33302080002613366,0.041085699980612844,0.14649720001034439,3.307740699965507,0.4610489999759011,0.07221409998601303,0.1500695000286214,3.283466499997303,4.151799100043718,0.3440800000098534,2.41404020000482,12.48613989999285,1.3989309999742545,10.283141699968837,0.3945067999884486,0.06791640003211796,0.1427718999912031,0.06685569998808205,42.08266389998607
14,4,20260935,0.8958308999426663,0.43569379998371005,0.06757120002293959,0.10970930004259571,3.0772188999690115,0.3225435000495054,0.0685434999759309,0.11507880000863224,3.366883000009693,3.9825581000186503,0.3955683999811299,2.888108600047417,13.61892690003151,1.3450824999599718,9.567762700025924,0.41586130001815036,0.06907580001279712,0.12021129997447133,0.07330639997962862,42.13670529995579
15,0,20260936,1.4598253999720328,0.5164274999988265,0.04662010003812611,0.11812780000036582,3.191681199998129,0.4310131000238471,0.06445859995437786,0.12208529998315498,3.2228632000042126,4.1329716999898665,0.398569899960421,2.356224299990572,10.800068699987605,1.2104696000460535,7.063154399977066,0.4331749999546446,0.0461611999780871,0.16812580003170297,0.0765172999817878,37.131321499997284
15,1,20260936,1.1234408000018448,0.35959000000730157,0.04165059997467324,0.14417859999230132,3.0959121000487357,0.4625790999853052,0.05416140001034364,0.1427964000031352,3.36496860004263,4.0840906999656,0.3581209999974817,2.9204350999789312,12.812801099964418,1.3862028999719769,10.471888299973216,0.4235353999538347,0.08044029999291524,0.20343779999529943,0.0740794000448659,42.68953269999474
15,2,20260936,1.3915827999589965,0.5323506000568159,0.06767300004139543,0.15269059996353462,3.131030299991835,0.3755354000022635,0.042466700018849224,0.13031639996916056,3.357023000018671,4.188261199975386,0.33096389996353537,2.9260049000149593,12.78458470001351,1.3383286999887787,9.200912999978755,0.6459098000195809,0.06863880000310019,0.14681050000945106,0.07989880000241101,42.129931000003126
15,3,20260936,1.4041467999923043,0.5953818000270985,0.061305200040806085,0.12978940003085881,3.201501499977894,0.46590910002123564,0.06521979998797178,0.11557320004794747,3.3092212000046857,3.95822509995196,0.4062210999545641,2.741042700014077,12.997556899965275,1.3939129000063986,10.66094339999836,0.573506599990651,0.06798789999447763,0.13181520003126934,0.06761259998893365,43.515220000001136
15,4,20260936,1.385649600008037,0.4976172000169754,0.05883759999414906,0.1373549000127241,3.1508729999768548,0.46705129998736084,0.06603240000549704,0.14478129998315126,3.204962899966631,4.154528199986089,0.46817060001194477,3.014919299981557,12.98018419998698,1.2879111000220291,8.90700329997344,0.6250281999818981,0.060250300040934235,0.11749989999225363,0.06227180000860244,42.01615219999803
16,0,20260937,1.3258998999954201,0.5207233999972232,0.08093830000143498,0.15622319997055456,3.290020599961281,0.2878116999636404,0.04153250000672415,0.1346559000085108,3.221490499970969,3.952899099967908,0.30077469995012507,2.761370199965313,11.269138200033922,1.4297733000130393,7.2730302000418305,0.35096829995745793,0.042679700010921806,0.12913970003137365,0.06709650001721457,37.77545860002283
16,1,20260937,1.3040518999914639,0.506920599960722,0.06475260003935546,0.11297830002149567,3.2456956999958493,0.39981120004085824,0.065899699984584,0.10976840002695099,3.3178533999598585,4.07046989997616,0.4909103999962099,2.820051599992439,12.105911199992988,1.306808400026057,8.148054699995555,0.5747295999899507,0.059967099979985505,0.12279249995481223,0.07029099995270371,40.13862809998682
16,2,20260937,1.276166399999056,0.40139189996989444,0.07059329998446628,0.15266780002275482,3.2199566999915987,0.42586540000047535,0.06705349998082966,0.11025079997489229,3.2332647999865003,3.8672087999875657,0.3773201999720186,2.8294957000180148,12.108334300050046,1.3246788999531418,10.577594599977601,0.41479359997902066,0.04337579995626584,0.19773829996120185,0.06630720000248402,41.908114599995315
16,3,20260937,1.439590199966915,0.3552385999937542,0.06884880003053695,0.15504260000307113,3.2252605999819934,0.4027302000322379,0.06496779998997226,0.1250753999920562,3.300315300002694,3.9691568999551237,0.41237570001976565,2.662522800033912,11.469416400010232,1.2309327999828383,6.765029200003482,0.3930366999702528,0.0704117999994196,0.1850173000129871,0.07027819997165352,37.6023736000061
16,4,20260937,1.2833389000152238,0.5177635000436567,0.05144579999614507,0.1484991000033915,3.17873739998322,0.48866089998045936,0.08212249999633059,0.1442278999602422,3.2937228999799117,4.031026800046675,0.388600799953565,2.7673007999546826,12.51309379999293,1.4050996000296436,11.163422100013122,0.5352144000353292,0.04879249999066815,0.1553577000158839,0.068641799967736,43.45866990002105
17,0,20260938,1.32552279997617,0.4143222999991849,0.06870830000843853,0.13001409999560565,3.2903298000455834,0.41730239999014884,0.0707408000016585,0.16911850002361462,3.388989600003697,3.8930186999496073,0.3846347999642603,3.238701199996285,13.558917700021993,1.1629187000216916,11.971530599985272,0.41554269997868687,0.07511869998415932,0.1981239999877289,0.044062100001610816,45.46090149995871
17,1,20260938,1.3945117000257596,0.4242801000364125,0.0667500999988988,0.11077640001894906,3.4984012999921106,0.5124670999939553,0.07745029998477548,0.14967949996935204,3.3175406999653205,3.9685756000108086,0.2955142999999225,3.0908650999772362,12.36591730004875,1.3139936000225134,6.017515100014862,0.3984768999507651,0.0665523000061512,0.19673369999509305,0.07011440000496805,38.52721499995096
17,2,20260938,1.419962599989958,0.5316983999800868,0.05902079999214038,0.1318883000058122,3.2099354999954812,0.31710869999369606,0.04685610003070906,0.1408291999832727,3.196365699986927,3.9851239999989048,0.3854255999904126,2.385069200012367,10.967048799968325,1.3141137000056915,10.780506099981721,0.5452678999863565,0.06580809998558834,0.1343561999965459,0.08161110000219196,40.97314489999553
17,3,20260938,1.260721399972681,0.5647691999911331,0.07562709995545447,0.1263223999994807,3.3030415000393987,0.4445541999884881,0.08089550002478063,0.13586050004232675,3.434000500012189,3.9047717999783345,0.3498462999705225,2.612145699968096,13.012705600005575,1.4053794000064954,10.301866799942218,0.3897524000494741,0.07666399999288842,0.15449109999462962,0.08256259997142479,42.918567699962296
17,4,20260938,1.1732411999837495,0.6138100000098348,0.06551470002159476,0.1176708999555558,3.336777799995616,0.35822960000950843,0.08129800000460818,0.13734260003548115,3.226937100000214,4.104760600021109,0.4005870000110008,3.0993533000000753,12.721264799998607,1.2433085000375286,9.697623900021426,0.6141139999963343,0.07268670003395528,0.15286390000255778,0.043398600013460964,42.48511310003232
18,0,20260939,1.4591843000380322,0.40725729998666793,0.06549579999409616,0.13752170000225306,3.220599799999036,0.38124919997062534,0.04755060002207756,0.16983600001549348,3.2629531999700703,3.7961517000221647,0.3193777999840677,2.865437500004191,11.39720219996525,1.2548623000038788,9.347792500047944,0.39367229997878894,0.071236299991142,0.19670979998772964,0.04541159997461364,39.995218299969565
18,1,20260939,1.3995082000037655,0.5192841999814846,0.0686991999973543,0.14229669998167083,3.270414400030859,0.4149289000197314,0.06987389997811988,0.11901839997153729,3.2793478000094183,4.130732399993576,0.38270030001876876,2.3608676999574527,12.409396700037178,1.3555797000299208,9.089284599991515,0.5472256999928504,0.04656079999404028,0.14353239996125922,0.06632400001399219,41.011522500019055
18,2,20260939,1.3053134999936447,0.5861575999879278,0.0625434999819845,0.14754159998847172,3.2859157999628223,0.43930460000410676,0.06661730003543198,0.1362614000099711,3.3191791000426747,3.916229900030885,0.37428109999746084,2.6336272000335157,13.43928109999979,1.2824794999905862,7.753001699980814,0.56836239999393,0.05759590002708137,0.14212360000237823,0.05878830002620816,40.717815899988636
18,3,20260939,1.2820465000113472,0.4879689999506809,0.07338509999681264,0.14310690003912896,3.1907629999914207,0.39317539997864515,0.0658895000233315,0.1327144000097178,3.292296100000385,4.099933999998029,0.3787340000271797,3.068597600038629,12.290798000001814,1.2649765000096522,12.593835600011516,0.5548078999854624,0.06441460002679378,0.12049869995098561,0.07287309999810532,44.67667590000201
18,4,20260939,1.4742880000267178,0.4097557999775745,0.054602499993052334,0.11850520002190024,3.283495000039693,0.3920833000447601,0.04146430001128465,0.1623515000101179,3.312564299965743,3.9442760000238195,0.3957972999778576,3.039673799998127,13.623280600004364,1.3940052000107244,7.85197259997949,0.39929339999798685,0.05459239997435361,0.17658089997712523,0.06404730002395809,41.37683909997577
19,0,20260940,1.2024759000050835,0.543724299990572,0.06597569998120889,0.14083200000459328,3.240937300026417,0.4163023000000976,0.0764132000040263,0.16257670003687963,3.4531091999961063,3.911764200020116,0.33319309999933466,2.314104299992323,12.093873300007544,1.2250575000070967,11.60422620002646,0.5611785000073723,0.065888500015717,0.13381909998133779,0.06470879999687895,42.679274299996905
19,1,20260940,1.277697600016836,0.46421300002839416,0.041601299948524684,0.10571609996259212,3.1102952000219375,0.3419133999850601,0.05418959999224171,0.14445869997143745,3.3736744999769144,4.034837800019886,0.4407645000028424,2.8967781999963336,13.84968059998937,1.3396152000059374,8.65061529999366,0.40764250000938773,0.056494200020097196,0.10466730000916868,0.055400899960659444,41.9011354999966
19,2,20260940,1.3342130000237375,0.5034572000149637,0.0653969999984838,0.15153890004148707,2.9894180999835953,0.4665738000185229,0.06330779998097569,0.1360219000489451,3.2598441000445746,4.0619030999951065,0.38588400004664436,2.129880199965555,11.444985799957067,1.2374205999658443,8.507498199993279,0.5897157999570481,0.06824540003435686,0.14445680001517758,0.07991059997584671,38.726078999985475
19,3,20260940,1.2860307999653742,0.4463258999749087,0.041746500006411225,0.1489290000172332,2.9620221000513993,0.46979910001391545,0.07399539998732507,0.18024179997155443,3.3244919000426307,3.9475239000166766,0.3599845999851823,2.990386900026351,13.729892799980007,1.3780954999965616,12.910444299981464,0.6152291999896988,0.0692636999883689,0.1563804000033997,0.07185289997141808,46.30758100003004
19,4,20260940,1.4759084999677725,0.3846004999941215,0.04146010003751144,0.15432349999900907,3.2111872999812476,0.5094170999946073,0.0703806999954395,0.10874390002572909,3.230476499942597,3.7979517999920063,0.3699409000109881,3.07607160002226,12.582295200030785,1.2445724999997765,8.618887800024822,0.36075459996936843,0.04100349999498576,0.1564162999857217,0.041740299959201366,40.44681429996854
