model,repeat,fold,seed,roc_auc,ap_cancer,ap_normal,balanced_accuracy,sensitivity,specificity,f1_cancer,f1_normal,tn,fp,fn,tp,floor,floor_fraction,detect_threshold_samples,n_probes_input,n_probes_after_filter,n_genes,n_train,n_test,n_train_normal,n_test_normal,n_positive_attribution,n_features_used,prep_seconds,fit_seconds
logreg,0,0,20260921,1.0,1.0,1.0,1.0,1.0,1.0,1.0,1.0,4,0,0,21,2.312811642,0.2615022420653424,7,42892,40668,20087,96,25,13,4,0,20087,0.3912006999598816,0.24627419997705147
logreg,0,1,20260921,1.0,1.0,1.0,0.875,1.0,0.75,0.975609756097561,0.8571428571428571,3,1,0,20,2.312811642,0.2606486586785703,7,42892,40784,20131,97,24,13,4,0,20131,0.38186409999616444,0.263882500003092
logreg,0,2,20260921,1.0,1.0,1.0,0.8333333333333333,1.0,0.6666666666666666,0.9767441860465116,0.8,2,1,0,21,2.312811642,0.2595093791070548,7,42892,40831,20152,97,24,14,3,0,20152,0.3959432999836281,0.3658599000191316
logreg,0,3,20260921,1.0,1.0,1.0,1.0,1.0,1.0,1.0,1.0,3,0,0,21,2.312811642,0.25990500235066544,7,42892,40763,20127,97,24,14,3,0,20127,0.3995712000178173,0.35805550002260134
logreg,0,4,20260921,1.0,1.0,1.0,1.0,1.0,1.0,1.0,1.0,3,0,0,21,2.312811642,0.2591325035019627,7,42892,40862,20142,97,24,14,3,0,20142,0.44008840003516525,0.26705970003968105
svm,0,0,20260921,1.0,1.0,1.0,0.9761904761904762,0.9523809523809523,1.0,0.975609756097561,0.8888888888888888,4,0,1,20,2.312811642,0.2615022420653424,7,42892,40668,20087,96,25,13,4,0,20087,0.4731727000325918,0.24982409999938682
svm,0,1,20260921,1.0,1.0,1.0,1.0,1.0,1.0,1.0,1.0,4,0,0,20,2.312811642,0.2606486586785703,7,42892,40784,20131,97,24,13,4,0,20131,0.6072884000022896,0.23938040004577488
svm,0,2,20260921,1.0,1.0,1.0,1.0,1.0,1.0,1.0,1.0,3,0,0,21,2.312811642,0.2595093791070548,7,42892,40831,20152,97,24,14,3,0,20152,0.5670214000274427,0.2282547999639064
svm,0,3,20260921,1.0,1.0,1.0,0.9285714285714286,0.8571428571428571,1.0,0.9230769230769231,0.6666666666666666,3,0,3,18,2.312811642,0.25990500235066544,7,42892,40763,20127,97,24,14,3,0,20127,0.4200503000174649,0.13561749999644235
svm,0,4,20260921,1.0,1.0,1.0,1.0,1.0,1.0,1.0,1.0,3,0,0,21,2.312811642,0.2591325035019627,7,42892,40862,20142,97,24,14,3,0,20142,0.4292505999910645,0.20517089997883886
rf,0,0,20260921,1.0,1.0,1.0,1.0,1.0,1.0,1.0,1.0,4,0,0,21,2.312811642,0.2615022420653424,7,42892,40668,20087,96,25,13,4,0,1192,0.31789259996730834,1.5147709000157192
rf,0,1,20260921,1.0,1.0,1.0,0.875,1.0,0.75,0.975609756097561,0.8571428571428571,3,1,0,20,2.312811642,0.2606486586785703,7,42892,40784,20131,97,24,13,4,0,1155,0.32029809994855896,1.4744299000012688
rf,0,2,20260921,1.0,1.0,1.0,0.8333333333333333,1.0,0.6666666666666666,0.9767441860465116,0.8,2,1,0,21,2.312811642,0.2595093791070548,7,42892,40831,20152,97,24,14,3,0,1181,0.2876473999931477,1.6242928000283428
rf,0,3,20260921,1.0,1.0,1.0,0.6666666666666666,1.0,0.3333333333333333,0.9545454545454546,0.5,1,2,0,21,2.312811642,0.25990500235066544,7,42892,40763,20127,97,24,14,3,0,1093,0.3960162999574095,1.6468907999806106
rf,0,4,20260921,1.0,1.0000000000000002,1.0,0.8333333333333333,1.0,0.6666666666666666,0.9767441860465116,0.8,2,1,0,21,2.312811642,0.2591325035019627,7,42892,40862,20142,97,24,14,3,0,1238,0.3126481000217609,1.6961295999935828
xgb,0,0,20260921,1.0,1.0000000000000002,1.0,0.9761904761904762,0.9523809523809523,1.0,0.975609756097561,0.8888888888888888,4,0,1,20,2.312811642,0.2615022420653424,7,42892,40668,20087,96,25,13,4,0,25,0.3388658000039868,8.861271300003864
xgb,0,1,20260921,0.9875,0.9976190476190477,0.95,0.875,1.0,0.75,0.975609756097561,0.8571428571428571,3,1,0,20,2.312811642,0.2606486586785703,7,42892,40784,20131,97,24,13,4,0,30,0.3278859000420198,8.858282300003339
xgb,0,2,20260921,1.0,1.0,1.0,0.8333333333333333,1.0,0.6666666666666666,0.9767441860465116,0.8,2,1,0,21,2.312811642,0.2595093791070548,7,42892,40831,20152,97,24,14,3,0,22,0.3583034999901429,8.208455200016033
xgb,0,3,20260921,0.9841269841269842,0.9978354978354979,0.9166666666666665,0.8333333333333333,1.0,0.6666666666666666,0.9767441860465116,0.8,2,1,0,21,2.312811642,0.25990500235066544,7,42892,40763,20127,97,24,14,3,0,24,0.3836611000006087,9.076928799971938
xgb,0,4,20260921,1.0,1.0,1.0,0.8333333333333333,1.0,0.6666666666666666,0.9767441860465116,0.8,2,1,0,21,2.312811642,0.2591325035019627,7,42892,40862,20142,97,24,14,3,0,21,0.3625812999671325,8.970240299997386
