sample,y_true,score,pred,model,repeat,fold
GSM1045191,0,2.5685737093573314e-05,0,logreg,0,0
GSM1045202,0,5.066215339077765e-07,0,logreg,0,0
GSM1045205,0,4.940961261843092e-09,0,logreg,0,0
GSM1045207,0,1.0083962682631547e-09,0,logreg,0,0
GSM1045217,1,0.9977779117277129,1,logreg,0,0
GSM1045218,1,0.9999163728932478,1,logreg,0,0
GSM1045221,1,0.9996546280703567,1,logreg,0,0
GSM1045224,1,0.9999964324260369,1,logreg,0,0
GSM1045225,1,0.9999512720786053,1,logreg,0,0
GSM1045228,1,0.9999799289415889,1,logreg,0,0
GSM1045238,1,0.9999408030618033,1,logreg,0,0
GSM1045242,1,0.999900241353011,1,logreg,0,0
GSM1045244,1,0.9999936478759484,1,logreg,0,0
GSM1045245,1,0.9994900945315504,1,logreg,0,0
GSM1045257,1,0.9999774246103602,1,logreg,0,0
GSM1045267,1,0.9998386889518458,1,logreg,0,0
GSM1045273,1,0.999815408554025,1,logreg,0,0
GSM1045275,1,0.9999920476226695,1,logreg,0,0
GSM1045279,1,0.9997564611835171,1,logreg,0,0
GSM1045288,1,0.7774746408358006,1,logreg,0,0
GSM1045289,1,0.9998824774648815,1,logreg,0,0
GSM1045292,1,0.9999643034555,1,logreg,0,0
GSM1045299,1,0.9999626286916351,1,logreg,0,0
GSM1045304,1,0.9999949573131865,1,logreg,0,0
GSM1045309,1,0.9998655905509414,1,logreg,0,0
GSM1045193,0,0.9251047264383417,1,logreg,0,1
GSM1045195,0,3.07038941683595e-05,0,logreg,0,1
GSM1045199,0,1.744849233333702e-07,0,logreg,0,1
GSM1045206,0,9.322066524535125e-07,0,logreg,0,1
GSM1045210,1,0.9999886729803616,1,logreg,0,1
GSM1045220,1,0.9999697590515946,1,logreg,0,1
GSM1045229,1,0.9999219637784584,1,logreg,0,1
GSM1045232,1,0.9997191926666829,1,logreg,0,1
GSM1045233,1,0.9999586674641228,1,logreg,0,1
GSM1045235,1,0.9999957829033996,1,logreg,0,1
GSM1045241,1,0.999965447497858,1,logreg,0,1
GSM1045260,1,0.9999579473094586,1,logreg,0,1
GSM1045261,1,0.9999753843896538,1,logreg,0,1
GSM1045269,1,0.9999012348446904,1,logreg,0,1
GSM1045271,1,0.9999951054175109,1,logreg,0,1
GSM1045276,1,0.9997249974606959,1,logreg,0,1
GSM1045282,1,0.9998590342888882,1,logreg,0,1
GSM1045283,1,0.9999616621322738,1,logreg,0,1
GSM1045291,1,0.9998753999339076,1,logreg,0,1
GSM1045293,1,0.9994960730498686,1,logreg,0,1
GSM1045294,1,0.9999325375575626,1,logreg,0,1
GSM1045301,1,0.9938951220382447,1,logreg,0,1
GSM1045303,1,0.9999461795112069,1,logreg,0,1
GSM1045305,1,0.9999829915520871,1,logreg,0,1
GSM1045194,0,0.5011967843755756,1,logreg,0,2
GSM1045197,0,1.17569411459113e-06,0,logreg,0,2
GSM1045204,0,4.748802465594921e-06,0,logreg,0,2
GSM1045208,1,0.9999979066914747,1,logreg,0,2
GSM1045211,1,0.9996286138322638,1,logreg,0,2
GSM1045212,1,0.999899679326314,1,logreg,0,2
GSM1045213,1,0.9991239443764852,1,logreg,0,2
GSM1045216,1,0.9999916465678971,1,logreg,0,2
GSM1045231,1,0.999999258272395,1,logreg,0,2
GSM1045237,1,0.9999835902973943,1,logreg,0,2
GSM1045249,1,0.9999506323413972,1,logreg,0,2
GSM1045251,1,0.9995319535899494,1,logreg,0,2
GSM1045253,1,0.9999666074825225,1,logreg,0,2
GSM1045255,1,0.9988039056710764,1,logreg,0,2
GSM1045258,1,0.999969602669708,1,logreg,0,2
GSM1045259,1,0.9998399943763161,1,logreg,0,2
GSM1045263,1,0.9999994265243182,1,logreg,0,2
GSM1045268,1,0.9999422327071223,1,logreg,0,2
GSM1045270,1,0.9999408701296936,1,logreg,0,2
GSM1045274,1,0.9999989660615839,1,logreg,0,2
GSM1045290,1,0.9999154726825367,1,logreg,0,2
GSM1045298,1,0.9999936083058456,1,logreg,0,2
GSM1045308,1,0.999998263693448,1,logreg,0,2
GSM1045311,1,0.9999766803922465,1,logreg,0,2
GSM1045192,0,0.15474537583713324,0,logreg,0,3
GSM1045200,0,0.0037940804740350677,0,logreg,0,3
GSM1045203,0,1.070136757747597e-05,0,logreg,0,3
GSM1045209,1,0.9999107683942874,1,logreg,0,3
GSM1045215,1,0.9999767836123375,1,logreg,0,3
GSM1045219,1,0.999826702545544,1,logreg,0,3
GSM1045223,1,0.9786635678879554,1,logreg,0,3
GSM1045227,1,0.999991249485981,1,logreg,0,3
GSM1045239,1,0.9998426223981589,1,logreg,0,3
GSM1045248,1,0.9997759908065672,1,logreg,0,3
GSM1045252,1,0.9836830682760183,1,logreg,0,3
GSM1045254,1,0.9999830936193544,1,logreg,0,3
GSM1045262,1,0.9998940214455856,1,logreg,0,3
GSM1045266,1,0.9999198921107773,1,logreg,0,3
GSM1045272,1,0.9999834950517936,1,logreg,0,3
GSM1045277,1,0.9999905360638038,1,logreg,0,3
GSM1045280,1,0.9919888484032648,1,logreg,0,3
GSM1045285,1,0.9772336697796723,1,logreg,0,3
GSM1045286,1,0.9999950130766718,1,logreg,0,3
GSM1045295,1,0.9979940316405188,1,logreg,0,3
GSM1045300,1,0.999996582885196,1,logreg,0,3
GSM1045302,1,0.9897957708425696,1,logreg,0,3
GSM1045307,1,0.9999148466532107,1,logreg,0,3
GSM1045310,1,0.9999576914444526,1,logreg,0,3
GSM1045196,0,6.162612926545365e-07,0,logreg,0,4
GSM1045198,0,1.9806892479730713e-05,0,logreg,0,4
GSM1045201,0,0.05027599435130946,0,logreg,0,4
GSM1045214,1,0.9998581660985635,1,logreg,0,4
GSM1045222,1,0.9998422456350828,1,logreg,0,4
GSM1045226,1,0.9999758750571497,1,logreg,0,4
GSM1045230,1,0.9999594884947406,1,logreg,0,4
GSM1045234,1,0.9999246900783237,1,logreg,0,4
GSM1045236,1,0.9999605483307643,1,logreg,0,4
GSM1045240,1,0.999687805650904,1,logreg,0,4
GSM1045243,1,0.9944061702909689,1,logreg,0,4
GSM1045246,1,0.9999708958951152,1,logreg,0,4
GSM1045247,1,0.9999589172057411,1,logreg,0,4
GSM1045250,1,0.9996741462350716,1,logreg,0,4
GSM1045256,1,0.9944539666089116,1,logreg,0,4
GSM1045264,1,0.9999445452774656,1,logreg,0,4
GSM1045265,1,0.9998732614917328,1,logreg,0,4
GSM1045278,1,0.9992335814614192,1,logreg,0,4
GSM1045281,1,0.9999964859326315,1,logreg,0,4
GSM1045284,1,0.9999955749054387,1,logreg,0,4
GSM1045287,1,0.9998547807964511,1,logreg,0,4
GSM1045296,1,0.9999343851482135,1,logreg,0,4
GSM1045297,1,0.9999507584007128,1,logreg,0,4
GSM1045306,1,0.9985768303742524,1,logreg,0,4
GSM1045191,0,-4.779690402306535,0,svm,0,0
GSM1045202,0,-6.3235915715714475,0,svm,0,0
GSM1045205,0,-7.7770053626868805,0,svm,0,0
GSM1045207,0,-8.087953554473605,0,svm,0,0
GSM1045217,1,0.0007733681510615105,1,svm,0,0
GSM1045218,1,0.8993285687328505,1,svm,0,0
GSM1045221,1,0.36275738641322336,1,svm,0,0
GSM1045224,1,1.5363361290546365,1,svm,0,0
GSM1045225,1,1.0942371964432267,1,svm,0,0
GSM1045228,1,1.2881051925333475,1,svm,0,0
GSM1045238,1,1.1967151805919116,1,svm,0,0
GSM1045242,1,1.1318195510631865,1,svm,0,0
GSM1045244,1,1.551286657311456,1,svm,0,0
GSM1045245,1,0.7057437176109588,1,svm,0,0
GSM1045257,1,1.2842200253824498,1,svm,0,0
GSM1045267,1,0.6025077647516485,1,svm,0,0
GSM1045273,1,0.37869148538125125,1,svm,0,0
GSM1045275,1,1.4469561679475087,1,svm,0,0
GSM1045279,1,0.5997343813367897,1,svm,0,0
GSM1045288,1,-0.9121715210475617,0,svm,0,0
GSM1045289,1,0.8908520960665557,1,svm,0,0
GSM1045292,1,1.2489956625563585,1,svm,0,0
GSM1045299,1,1.1125301308578996,1,svm,0,0
GSM1045304,1,1.5163569711032703,1,svm,0,0
GSM1045309,1,0.49895511691362,1,svm,0,0
GSM1045193,0,-0.460513533562634,0,svm,0,1
GSM1045195,0,-6.2610304921097475,0,svm,0,1
GSM1045199,0,-8.293783336707662,0,svm,0,1
GSM1045206,0,-7.437132293245508,0,svm,0,1
GSM1045210,1,1.274110167782286,1,svm,0,1
GSM1045220,1,1.0163411087570529,1,svm,0,1
GSM1045229,1,0.7705683603952255,1,svm,0,1
GSM1045232,1,0.6870313026263509,1,svm,0,1
GSM1045233,1,1.0937361174608453,1,svm,0,1
GSM1045235,1,1.4856103804546523,1,svm,0,1
GSM1045241,1,1.1863088983031898,1,svm,0,1
GSM1045260,1,1.0082411600756023,1,svm,0,1
GSM1045261,1,0.7759697221325812,1,svm,0,1
GSM1045269,1,0.6863146124545418,1,svm,0,1
GSM1045271,1,1.352546437024236,1,svm,0,1
GSM1045276,1,0.8118632060618911,1,svm,0,1
GSM1045282,1,0.45738599937328367,1,svm,0,1
GSM1045283,1,0.8645865997381391,1,svm,0,1
GSM1045291,1,0.7434039975763516,1,svm,0,1
GSM1045293,1,0.5367429186598943,1,svm,0,1
GSM1045294,1,1.0912063667093896,1,svm,0,1
GSM1045301,1,0.21649378578826414,1,svm,0,1
GSM1045303,1,0.9593857879299498,1,svm,0,1
GSM1045305,1,1.2001752801882641,1,svm,0,1
GSM1045194,0,-0.9881285260210795,0,svm,0,2
GSM1045197,0,-6.6764172361005905,0,svm,0,2
GSM1045204,0,-6.793158156578454,0,svm,0,2
GSM1045208,1,1.2601666969141054,1,svm,0,2
GSM1045211,1,0.7643405000648615,1,svm,0,2
GSM1045212,1,0.8174319638086731,1,svm,0,2
GSM1045213,1,0.625774370699579,1,svm,0,2
GSM1045216,1,1.0930615869053781,1,svm,0,2
GSM1045231,1,1.7518930913958022,1,svm,0,2
GSM1045237,1,1.066546125880127,1,svm,0,2
GSM1045249,1,1.2950201640042598,1,svm,0,2
GSM1045251,1,0.7279307318072656,1,svm,0,2
GSM1045253,1,1.2294198298228602,1,svm,0,2
GSM1045255,1,0.5371877752355969,1,svm,0,2
GSM1045258,1,0.934424831873175,1,svm,0,2
GSM1045259,1,0.883961221726461,1,svm,0,2
GSM1045263,1,1.6613454144904185,1,svm,0,2
GSM1045268,1,0.7189391746949976,1,svm,0,2
GSM1045270,1,0.7766330466929132,1,svm,0,2
GSM1045274,1,1.053368676494943,1,svm,0,2
GSM1045290,1,0.6268823273653902,1,svm,0,2
GSM1045298,1,1.205610672613676,1,svm,0,2
GSM1045308,1,1.84542392266504,1,svm,0,2
GSM1045311,1,1.061892028022026,1,svm,0,2
GSM1045192,0,-1.6561002011096064,0,svm,0,3
GSM1045200,0,-3.6255020008154553,0,svm,0,3
GSM1045203,0,-5.391315858569194,0,svm,0,3
GSM1045209,1,0.8436874689882543,1,svm,0,3
GSM1045215,1,1.0003716526815556,1,svm,0,3
GSM1045219,1,0.9648678430797216,1,svm,0,3
GSM1045223,1,-0.8468875110494216,0,svm,0,3
GSM1045227,1,0.9346516438177691,1,svm,0,3
GSM1045239,1,0.5393886212748775,1,svm,0,3
GSM1045248,1,0.4524137230252447,1,svm,0,3
GSM1045252,1,-1.052034631497854,0,svm,0,3
GSM1045254,1,0.8143993510650372,1,svm,0,3
GSM1045262,1,0.6404185980718016,1,svm,0,3
GSM1045266,1,0.6090745405354939,1,svm,0,3
GSM1045272,1,0.8976983416732185,1,svm,0,3
GSM1045277,1,1.0944443889139037,1,svm,0,3
GSM1045280,1,0.06340150071780015,1,svm,0,3
GSM1045285,1,-0.18074838177670607,0,svm,0,3
GSM1045286,1,1.292942767018337,1,svm,0,3
GSM1045295,1,0.20356145668203918,1,svm,0,3
GSM1045300,1,1.566908748033109,1,svm,0,3
GSM1045302,1,0.07669411188554816,1,svm,0,3
GSM1045307,1,0.8616300108594575,1,svm,0,3
GSM1045310,1,0.5544109848610984,1,svm,0,3
GSM1045196,0,-7.495495655004719,0,svm,0,4
GSM1045198,0,-6.023525580916627,0,svm,0,4
GSM1045201,0,-2.749380039895231,0,svm,0,4
GSM1045214,1,0.9191712805228444,1,svm,0,4
GSM1045222,1,1.05591494849469,1,svm,0,4
GSM1045226,1,1.3007580626957975,1,svm,0,4
GSM1045230,1,1.087458982352156,1,svm,0,4
GSM1045234,1,0.9815299946187134,1,svm,0,4
GSM1045236,1,1.023711176221457,1,svm,0,4
GSM1045240,1,0.5064986339296913,1,svm,0,4
GSM1045243,1,0.007642149087505966,1,svm,0,4
GSM1045246,1,1.1438948329149263,1,svm,0,4
GSM1045247,1,0.5830380137991865,1,svm,0,4
GSM1045250,1,0.9479418744264654,1,svm,0,4
GSM1045256,1,0.12222822118091765,1,svm,0,4
GSM1045264,1,1.2515026041819286,1,svm,0,4
GSM1045265,1,0.5491866027345734,1,svm,0,4
GSM1045278,1,0.35423151332896846,1,svm,0,4
GSM1045281,1,1.2218194995612648,1,svm,0,4
GSM1045284,1,1.3105129919123717,1,svm,0,4
GSM1045287,1,0.9392782567948419,1,svm,0,4
GSM1045296,1,0.9223269855208247,1,svm,0,4
GSM1045297,1,0.8456757727941231,1,svm,0,4
GSM1045306,1,0.6690116593468615,1,svm,0,4
GSM1045191,0,0.22,0,rf,0,0
GSM1045202,0,0.226,0,rf,0,0
GSM1045205,0,0.098,0,rf,0,0
GSM1045207,0,0.088,0,rf,0,0
GSM1045217,1,0.856,1,rf,0,0
GSM1045218,1,0.942,1,rf,0,0
GSM1045221,1,0.914,1,rf,0,0
GSM1045224,1,0.966,1,rf,0,0
GSM1045225,1,0.956,1,rf,0,0
GSM1045228,1,0.98,1,rf,0,0
GSM1045238,1,0.928,1,rf,0,0
GSM1045242,1,0.974,1,rf,0,0
GSM1045244,1,0.984,1,rf,0,0
GSM1045245,1,0.96,1,rf,0,0
GSM1045257,1,0.974,1,rf,0,0
GSM1045267,1,0.942,1,rf,0,0
GSM1045273,1,0.97,1,rf,0,0
GSM1045275,1,0.986,1,rf,0,0
GSM1045279,1,0.932,1,rf,0,0
GSM1045288,1,0.758,1,rf,0,0
GSM1045289,1,0.972,1,rf,0,0
GSM1045292,1,0.996,1,rf,0,0
GSM1045299,1,0.992,1,rf,0,0
GSM1045304,1,0.996,1,rf,0,0
GSM1045309,1,0.968,1,rf,0,0
GSM1045193,0,0.794,1,rf,0,1
GSM1045195,0,0.098,0,rf,0,1
GSM1045199,0,0.07,0,rf,0,1
GSM1045206,0,0.128,0,rf,0,1
GSM1045210,1,0.996,1,rf,0,1
GSM1045220,1,1.0,1,rf,0,1
GSM1045229,1,0.998,1,rf,0,1
GSM1045232,1,0.978,1,rf,0,1
GSM1045233,1,0.996,1,rf,0,1
GSM1045235,1,0.996,1,rf,0,1
GSM1045241,1,0.982,1,rf,0,1
GSM1045260,1,0.98,1,rf,0,1
GSM1045261,1,0.978,1,rf,0,1
GSM1045269,1,0.976,1,rf,0,1
GSM1045271,1,0.992,1,rf,0,1
GSM1045276,1,0.966,1,rf,0,1
GSM1045282,1,0.96,1,rf,0,1
GSM1045283,1,0.994,1,rf,0,1
GSM1045291,1,0.986,1,rf,0,1
GSM1045293,1,0.942,1,rf,0,1
GSM1045294,1,0.94,1,rf,0,1
GSM1045301,1,0.872,1,rf,0,1
GSM1045303,1,0.978,1,rf,0,1
GSM1045305,1,0.98,1,rf,0,1
GSM1045194,0,0.856,1,rf,0,2
GSM1045197,0,0.068,0,rf,0,2
GSM1045204,0,0.096,0,rf,0,2
GSM1045208,1,0.996,1,rf,0,2
GSM1045211,1,0.966,1,rf,0,2
GSM1045212,1,0.956,1,rf,0,2
GSM1045213,1,0.96,1,rf,0,2
GSM1045216,1,0.974,1,rf,0,2
GSM1045231,1,0.992,1,rf,0,2
GSM1045237,1,0.986,1,rf,0,2
GSM1045249,1,0.994,1,rf,0,2
GSM1045251,1,0.984,1,rf,0,2
GSM1045253,1,0.986,1,rf,0,2
GSM1045255,1,0.938,1,rf,0,2
GSM1045258,1,0.976,1,rf,0,2
GSM1045259,1,0.996,1,rf,0,2
GSM1045263,1,0.994,1,rf,0,2
GSM1045268,1,0.984,1,rf,0,2
GSM1045270,1,0.97,1,rf,0,2
GSM1045274,1,0.99,1,rf,0,2
GSM1045290,1,0.938,1,rf,0,2
GSM1045298,1,0.966,1,rf,0,2
GSM1045308,1,1.0,1,rf,0,2
GSM1045311,1,0.992,1,rf,0,2
GSM1045192,0,0.582,1,rf,0,3
GSM1045200,0,0.606,1,rf,0,3
GSM1045203,0,0.184,0,rf,0,3
GSM1045209,1,0.974,1,rf,0,3
GSM1045215,1,0.986,1,rf,0,3
GSM1045219,1,0.978,1,rf,0,3
GSM1045223,1,0.842,1,rf,0,3
GSM1045227,1,0.98,1,rf,0,3
GSM1045239,1,0.966,1,rf,0,3
GSM1045248,1,0.96,1,rf,0,3
GSM1045252,1,0.75,1,rf,0,3
GSM1045254,1,0.974,1,rf,0,3
GSM1045262,1,0.964,1,rf,0,3
GSM1045266,1,0.794,1,rf,0,3
GSM1045272,1,0.988,1,rf,0,3
GSM1045277,1,0.996,1,rf,0,3
GSM1045280,1,0.858,1,rf,0,3
GSM1045285,1,0.858,1,rf,0,3
GSM1045286,1,0.98,1,rf,0,3
GSM1045295,1,0.934,1,rf,0,3
GSM1045300,1,0.996,1,rf,0,3
GSM1045302,1,0.848,1,rf,0,3
GSM1045307,1,0.982,1,rf,0,3
GSM1045310,1,0.98,1,rf,0,3
GSM1045196,0,0.104,0,rf,0,4
GSM1045198,0,0.138,0,rf,0,4
GSM1045201,0,0.514,1,rf,0,4
GSM1045214,1,0.858,1,rf,0,4
GSM1045222,1,0.972,1,rf,0,4
GSM1045226,1,0.974,1,rf,0,4
GSM1045230,1,0.986,1,rf,0,4
GSM1045234,1,0.966,1,rf,0,4
GSM1045236,1,0.94,1,rf,0,4
GSM1045240,1,0.938,1,rf,0,4
GSM1045243,1,0.93,1,rf,0,4
GSM1045246,1,0.978,1,rf,0,4
GSM1045247,1,0.966,1,rf,0,4
GSM1045250,1,0.972,1,rf,0,4
GSM1045256,1,0.906,1,rf,0,4
GSM1045264,1,0.962,1,rf,0,4
GSM1045265,1,0.984,1,rf,0,4
GSM1045278,1,0.94,1,rf,0,4
GSM1045281,1,0.982,1,rf,0,4
GSM1045284,1,0.994,1,rf,0,4
GSM1045287,1,0.95,1,rf,0,4
GSM1045296,1,0.974,1,rf,0,4
GSM1045297,1,0.98,1,rf,0,4
GSM1045306,1,0.882,1,rf,0,4
GSM1045191,0,0.14368858933448792,0,xgb,0,0
GSM1045202,0,0.0906762182712555,0,xgb,0,0
GSM1045205,0,0.0718371793627739,0,xgb,0,0
GSM1045207,0,0.06354236602783203,0,xgb,0,0
GSM1045217,1,0.6182651519775391,1,xgb,0,0
GSM1045218,1,0.8619970679283142,1,xgb,0,0
GSM1045221,1,0.8127089142799377,1,xgb,0,0
GSM1045224,1,0.9155992865562439,1,xgb,0,0
GSM1045225,1,0.8782907724380493,1,xgb,0,0
GSM1045228,1,0.9114500284194946,1,xgb,0,0
GSM1045238,1,0.8907924890518188,1,xgb,0,0
GSM1045242,1,0.9144771695137024,1,xgb,0,0
GSM1045244,1,0.9198945760726929,1,xgb,0,0
GSM1045245,1,0.9073243141174316,1,xgb,0,0
GSM1045257,1,0.9150682091712952,1,xgb,0,0
GSM1045267,1,0.892529308795929,1,xgb,0,0
GSM1045273,1,0.9156913161277771,1,xgb,0,0
GSM1045275,1,0.9095602035522461,1,xgb,0,0
GSM1045279,1,0.857814371585846,1,xgb,0,0
GSM1045288,1,0.3258052468299866,0,xgb,0,0
GSM1045289,1,0.9198945760726929,1,xgb,0,0
GSM1045292,1,0.9146102070808411,1,xgb,0,0
GSM1045299,1,0.9159829020500183,1,xgb,0,0
GSM1045304,1,0.9198945760726929,1,xgb,0,0
GSM1045309,1,0.9026649594306946,1,xgb,0,0
GSM1045193,0,0.740768313407898,1,xgb,0,1
GSM1045195,0,0.17588090896606445,0,xgb,0,1
GSM1045199,0,0.07096676528453827,0,xgb,0,1
GSM1045206,0,0.0839100107550621,0,xgb,0,1
GSM1045210,1,0.9197026491165161,1,xgb,0,1
GSM1045220,1,0.9197026491165161,1,xgb,0,1
GSM1045229,1,0.9197026491165161,1,xgb,0,1
GSM1045232,1,0.9197026491165161,1,xgb,0,1
GSM1045233,1,0.9197026491165161,1,xgb,0,1
GSM1045235,1,0.9197026491165161,1,xgb,0,1
GSM1045241,1,0.8829784393310547,1,xgb,0,1
GSM1045260,1,0.9026444554328918,1,xgb,0,1
GSM1045261,1,0.9104400277137756,1,xgb,0,1
GSM1045269,1,0.9159904718399048,1,xgb,0,1
GSM1045271,1,0.9197026491165161,1,xgb,0,1
GSM1045276,1,0.8990948796272278,1,xgb,0,1
GSM1045282,1,0.8944451808929443,1,xgb,0,1
GSM1045283,1,0.9197026491165161,1,xgb,0,1
GSM1045291,1,0.9102346897125244,1,xgb,0,1
GSM1045293,1,0.8817237019538879,1,xgb,0,1
GSM1045294,1,0.9067007899284363,1,xgb,0,1
GSM1045301,1,0.7090857625007629,1,xgb,0,1
GSM1045303,1,0.908843994140625,1,xgb,0,1
GSM1045305,1,0.9102346897125244,1,xgb,0,1
GSM1045194,0,0.8097769618034363,1,xgb,0,2
GSM1045197,0,0.07775888592004776,0,xgb,0,2
GSM1045204,0,0.07049918919801712,0,xgb,0,2
GSM1045208,1,0.9246740937232971,1,xgb,0,2
GSM1045211,1,0.9246740937232971,1,xgb,0,2
GSM1045212,1,0.9084115028381348,1,xgb,0,2
GSM1045213,1,0.9105774164199829,1,xgb,0,2
GSM1045216,1,0.8218435645103455,1,xgb,0,2
GSM1045231,1,0.9246740937232971,1,xgb,0,2
GSM1045237,1,0.9216484427452087,1,xgb,0,2
GSM1045249,1,0.9246740937232971,1,xgb,0,2
GSM1045251,1,0.9246740937232971,1,xgb,0,2
GSM1045253,1,0.9246740937232971,1,xgb,0,2
GSM1045255,1,0.9156531691551208,1,xgb,0,2
GSM1045258,1,0.9165884256362915,1,xgb,0,2
GSM1045259,1,0.9210057854652405,1,xgb,0,2
GSM1045263,1,0.9246740937232971,1,xgb,0,2
GSM1045268,1,0.9246740937232971,1,xgb,0,2
GSM1045270,1,0.9246740937232971,1,xgb,0,2
GSM1045274,1,0.9216484427452087,1,xgb,0,2
GSM1045290,1,0.9118236303329468,1,xgb,0,2
GSM1045298,1,0.8127409815788269,1,xgb,0,2
GSM1045308,1,0.9246740937232971,1,xgb,0,2
GSM1045311,1,0.9182313680648804,1,xgb,0,2
GSM1045192,0,0.43187904357910156,0,xgb,0,3
GSM1045200,0,0.5249219536781311,1,xgb,0,3
GSM1045203,0,0.4094400703907013,0,xgb,0,3
GSM1045209,1,0.9217175841331482,1,xgb,0,3
GSM1045215,1,0.9217175841331482,1,xgb,0,3
GSM1045219,1,0.9217175841331482,1,xgb,0,3
GSM1045223,1,0.803646981716156,1,xgb,0,3
GSM1045227,1,0.8212792873382568,1,xgb,0,3
GSM1045239,1,0.8971726298332214,1,xgb,0,3
GSM1045248,1,0.918083131313324,1,xgb,0,3
GSM1045252,1,0.5207316875457764,1,xgb,0,3
GSM1045254,1,0.9165554642677307,1,xgb,0,3
GSM1045262,1,0.9177835583686829,1,xgb,0,3
GSM1045266,1,0.598578155040741,1,xgb,0,3
GSM1045272,1,0.9217175841331482,1,xgb,0,3
GSM1045277,1,0.9217175841331482,1,xgb,0,3
GSM1045280,1,0.8917763233184814,1,xgb,0,3
GSM1045285,1,0.5277689099311829,1,xgb,0,3
GSM1045286,1,0.9217175841331482,1,xgb,0,3
GSM1045295,1,0.9078998565673828,1,xgb,0,3
GSM1045300,1,0.9217175841331482,1,xgb,0,3
GSM1045302,1,0.8933249711990356,1,xgb,0,3
GSM1045307,1,0.8862028121948242,1,xgb,0,3
GSM1045310,1,0.9217175841331482,1,xgb,0,3
GSM1045196,0,0.08056382089853287,0,xgb,0,4
GSM1045198,0,0.08437751978635788,0,xgb,0,4
GSM1045201,0,0.6805490255355835,1,xgb,0,4
GSM1045214,1,0.8675841093063354,1,xgb,0,4
GSM1045222,1,0.9243423342704773,1,xgb,0,4
GSM1045226,1,0.9209348559379578,1,xgb,0,4
GSM1045230,1,0.9243423342704773,1,xgb,0,4
GSM1045234,1,0.9155178666114807,1,xgb,0,4
GSM1045236,1,0.8911752104759216,1,xgb,0,4
GSM1045240,1,0.8945131301879883,1,xgb,0,4
GSM1045243,1,0.9157668948173523,1,xgb,0,4
GSM1045246,1,0.9243423342704773,1,xgb,0,4
GSM1045247,1,0.9065932631492615,1,xgb,0,4
GSM1045250,1,0.9165557622909546,1,xgb,0,4
GSM1045256,1,0.9174116849899292,1,xgb,0,4
GSM1045264,1,0.8744348883628845,1,xgb,0,4
GSM1045265,1,0.9243423342704773,1,xgb,0,4
GSM1045278,1,0.9243423342704773,1,xgb,0,4
GSM1045281,1,0.9160433411598206,1,xgb,0,4
GSM1045284,1,0.9243423342704773,1,xgb,0,4
GSM1045287,1,0.9199384450912476,1,xgb,0,4
GSM1045296,1,0.9194449782371521,1,xgb,0,4
GSM1045297,1,0.9164891839027405,1,xgb,0,4
GSM1045306,1,0.9243423342704773,1,xgb,0,4
