dimension,group,k,n_repeats,phi_mean,phi_median,phi_min,phi_max,phi_sd,jaccard_mean,jaccard_median,kuncheva_mean,mean_set_size
resampling,logreg_C0.1|coef,10,5,0.33634833797229413,0.36636273474741654,0.23296541574687268,0.4330613942476885,0.07856581165524441,0.21703614869249543,0.23624625288711976,0.3363483379722942,10.0
resampling,logreg_C100|coef,10,5,0.1896112870716959,0.21629075087180472,0.08289343187126086,0.24964008062194065,0.06732105550080125,0.11543974314872148,0.13028895768833848,0.18961128707169594,10.0
resampling,logreg|coef,10,5,0.2196256838468183,0.21629075087180472,0.14959209137153273,0.31633874012221264,0.06058206601614793,0.13099824725211723,0.12315101479188169,0.2196256838468183,10.0
resampling,logreg|perm,10,5,0.05287903509613845,0.06621876699619278,-0.00047989250407898254,0.09956809674632883,0.04316129986761328,0.031613347093223255,0.037037037037037035,0.05287903509613846,10.0
resampling,logreg|shap,10,5,0.10290302972134242,0.13291742649646476,-0.00047989250407898254,0.18294142112166878,0.08933014987992693,0.06016348059691713,0.07424607269808509,0.10290302972134242,10.0
resampling,rf|perm,10,5,0.05287903509613849,0.04954410212112492,0.03286943724605684,0.08289343187126086,0.01826618018182761,0.02888430225891526,0.02631578947368421,0.05287903509613846,10.0
resampling,rf|shap,10,5,0.059548901046165684,0.04954410212112492,0.03286943724605684,0.08289343187126086,0.022371410497608043,0.03258800596261897,0.02729044834307992,0.059548901046165656,10.0
resampling,svm|coef,10,5,0.18627635409668233,0.21629075087180472,0.08289343187126086,0.2829894103720766,0.07856581165524439,0.10751060658181402,0.12315101479188166,0.18627635409668233,10.0
resampling,svm|perm,10,5,0.2829894103720766,0.2663147454970086,0.21629075087180472,0.3830373996224845,0.06126663086373895,0.171661588612053,0.16516782151457074,0.28298941037207664,10.0
resampling,svm|shap,10,5,0.08289343187126078,0.06621876699619278,0.04954410212112492,0.11624276162139668,0.03119544150088899,0.045258571264763216,0.036062378167641324,0.08289343187126083,10.0
resampling,ttest|ttest,10,5,0.30633394119717183,0.29966407524714467,0.2663147454970086,0.3496880698723486,0.03029103300807396,0.1885031205464642,0.18218954248366015,0.30633394119717183,10.0
resampling,xgb|perm,10,5,0.15292702434654637,0.14959209137153273,0.09956809674632883,0.18294142112166878,0.03417289400273951,0.08782823070748766,0.08959694989106753,0.15292702434654637,10.0
resampling,xgb|shap,10,5,0.16293182327158717,0.18294142112166878,0.08289343187126086,0.21629075087180472,0.05057676272757678,0.09481137484233458,0.10365783740396743,0.16293182327158717,10.0
model,explainer=coef,10,5,0.27465207793454266,0.2496400806219407,0.24964008062194068,0.3246760725597466,0.03537230582152113,0.16649651088505577,0.14755331957344342,0.2746520779345426,10.0
model,explainer=perm,10,5,0.048710368877371436,0.04537543590235785,0.03703810346482386,0.06621876699619281,0.010790324966903315,0.028499762478090652,0.02538413026029125,0.04871036887737147,10.0
model,explainer=shap,10,5,0.06788623348369963,0.06621876699619281,0.057881434558658795,0.07872476565249381,0.008644330256706039,0.03802316248136682,0.03683637197569086,0.06788623348369964,10.0
explainer,model=logreg,10,5,0.13791982595898505,0.13291742649646468,0.08289343187126069,0.19961608599673658,0.04627031721263492,0.08298995036611136,0.07734204793028322,0.1379198259589852,10.0
explainer,model=rf,10,5,0.8299184182743066,0.7999040214991842,0.7748920241865822,0.9249640080621941,0.06711423149282413,0.7186480186480186,0.6724941724941725,0.8299184182743066,10.0
explainer,model=svm,10,5,0.3680302012349233,0.3747000671849505,0.3246760725597465,0.4080493969350865,0.03029103300807397,0.26163261832766477,0.25410812098118596,0.36803020123492336,10.0
explainer,model=xgb,10,5,0.9349688069872348,0.924964008062194,0.8999520107495921,0.974988002687398,0.028518064668474497,0.8878787878787879,0.8712121212121212,0.9349688069872348,10.0
combined,all_primary,10,5,0.125135916221433,0.12958249352145115,0.11568693945889441,0.1329174264964647,0.008216021748864839,0.08865692328540627,0.09240002057339519,0.1251359162214331,10.0
baseline,logreg|coef_vs_ttest,10,5,-0.00047989250407898254,-0.00047989250407898254,-0.00047989250407898254,-0.00047989250407898254,0.0,0.0,0.0,-0.0004798925040790863,10.0
baseline,logreg|shap_vs_ttest,10,5,-0.00047989250407898254,-0.00047989250407898254,-0.00047989250407898254,-0.00047989250407898254,0.0,0.0,0.0,-0.0004798925040790863,10.0
baseline,logreg|perm_vs_ttest,10,5,-0.00047989250407898254,-0.00047989250407898254,-0.00047989250407898254,-0.00047989250407898254,0.0,0.0,0.0,-0.0004798925040790863,10.0
baseline,svm|coef_vs_ttest,10,5,-0.00047989250407898254,-0.00047989250407898254,-0.00047989250407898254,-0.00047989250407898254,0.0,0.0,0.0,-0.0004798925040790863,10.0
baseline,svm|shap_vs_ttest,10,5,-0.00047989250407898254,-0.00047989250407898254,-0.00047989250407898254,-0.00047989250407898254,0.0,0.0,0.0,-0.0004798925040790863,10.0
baseline,svm|perm_vs_ttest,10,5,-0.00047989250407898254,-0.00047989250407898254,-0.00047989250407898254,-0.00047989250407898254,0.0,0.0,0.0,-0.0004798925040790863,10.0
baseline,rf|shap_vs_ttest,10,5,0.05954890104616571,0.04954410212112492,0.02453210480852297,0.09956809674632885,0.02851806466847444,0.03216374269005848,0.02631578947368421,0.059548901046165656,10.0
baseline,rf|perm_vs_ttest,10,5,0.0745560994337269,0.09956809674632885,-0.00047989250407898254,0.12458009405893083,0.050023994625203926,0.04093567251461988,0.054093567251461985,0.07455609943372685,10.0
baseline,xgb|shap_vs_ttest,10,5,0.01952970534600258,0.02453210480852297,-0.00047989250407898254,0.04954410212112492,0.020926538335231778,0.010526315789473684,0.013157894736842105,0.019529705346002495,10.0
baseline,xgb|perm_vs_ttest,10,5,0.02953450427104336,0.02453210480852297,-0.00047989250407898254,0.07455609943372687,0.027399270272741368,0.015789473684210527,0.013157894736842105,0.029534504271043288,10.0
sensitivity,logreg_coef_across_C,10,5,0.37803500015996405,0.39971206449755237,0.3330134049972805,0.40804939693508646,0.03756428592601376,0.26105343171906636,0.27203488232899997,0.37803500015996416,10.0
resampling,logreg_C0.1|coef,25,5,0.4580167443051753,0.4660263490691382,0.385930301429509,0.4993997022523171,0.04310204417525431,0.3094809244410109,0.315549194749088,0.45801674430517536,25.0
resampling,logreg_C100|coef,25,5,0.3325329363364228,0.31250892442651546,0.27913557124333666,0.4126289839760521,0.05191675356287072,0.20465447310607682,0.19478904663958552,0.3325329363364229,25.0
resampling,logreg|coef,25,5,0.3325329363364228,0.31250892442651546,0.29248491251660813,0.385930301429509,0.040873843152238486,0.20661269190560216,0.19138096501304322,0.33253293633642284,25.0
resampling,logreg|perm,25,5,0.08423518865357207,0.06554611087099194,0.03884742832444876,0.15899149978389282,0.04868393303054523,0.0480441405169525,0.03854875283446712,0.08423518865357218,25.0
resampling,logreg|shap,25,5,0.11894347596407817,0.14564215851062134,0.07222078150762767,0.15231682914725697,0.03976894011434878,0.06606005708342662,0.07975083084935074,0.11894347596407817,25.0
resampling,rf|perm,25,5,0.09891946405417082,0.09891946405417074,0.06554611087099194,0.14564215851062134,0.029474547462133738,0.05395963209660844,0.05351269400760612,0.09891946405417086,25.0
resampling,rf|shap,25,5,0.09090985929020785,0.092244793417535,0.04552209896108461,0.13229281723734954,0.031092790964051747,0.04957298812029881,0.04999919589585244,0.09090985929020794,25.0
resampling,svm|coef,25,5,0.35522681650098437,0.3392076069730585,0.3058342537898797,0.4460023371592309,0.05310454537239763,0.22037821435934313,0.2080847307517509,0.35522681650098453,25.0
resampling,svm|perm,25,5,0.40328444508476197,0.385930301429509,0.37258096015623743,0.4526770077958667,0.03455391313994435,0.25799253891804763,0.2450157508297043,0.40328444508476213,25.0
resampling,svm|shap,25,5,0.15365176327458413,0.16566617042052856,0.11226880532744221,0.18569018233043588,0.028475118113148137,0.08555751439805057,0.09290476095275697,0.15365176327458419,25.0
resampling,ttest|ttest,25,5,0.27646570298868234,0.26578622997006507,0.22573820615025053,0.3392076069730585,0.05393695574857901,0.17084452839171088,0.16032615021492677,0.2764657029886824,25.0
resampling,xgb|perm,25,5,0.11861551365374964,0.12269087079025442,0.10313420412344732,0.1389674878739855,0.014634267842216017,0.06506157275617923,0.06594202898550725,0.12228081128239607,24.5
resampling,xgb|shap,25,5,0.11867106913243264,0.12269087079025442,0.10559413469080658,0.13229281723734954,0.010753697752739098,0.06519470681788472,0.06594202898550725,0.11894347596407817,24.5
model,explainer=coef,25,5,0.40528684627575273,0.4092916486577342,0.3692436248379196,0.42931566056764153,0.023049368650415243,0.2608017589900296,0.2633107659341352,0.40528684627575273,25.0
model,explainer=perm,25,5,0.06204200842310749,0.063877443211833,0.03901108223573735,0.08941498228796615,0.019867470675926802,0.03582475431673954,0.036882918094098216,0.07466816074106089,24.875
model,explainer=shap,25,5,0.09200497481661774,0.09725079639501186,0.07555811682594557,0.1012672488214553,0.01051389462829508,0.05191813967341317,0.054183284663523595,0.09458092814035761,24.875
explainer,model=logreg,25,5,0.18769258352142648,0.1957021882853894,0.07889545214426338,0.2691235652883828,0.07275850245766291,0.11578809518015827,0.1163052929357277,0.18769258352142665,25.0
explainer,model=rf,25,5,0.8398079047207414,0.8498199106756951,0.7997598809009268,0.8598319166306487,0.02348023525928035,0.7293721051020828,0.7425115207373272,0.8398079047207414,25.0
explainer,model=svm,25,5,0.42597832524932355,0.42264098993100563,0.40929164865773404,0.45601434311418454,0.019459841698079867,0.3089704679816916,0.30564548089167304,0.42597832524932366,25.0
explainer,model=xgb,25,5,0.9839807904720741,0.9799759880900927,0.969963982135139,1.0,0.011415443145784384,0.9695156695156696,0.9615384615384616,0.9839807904720741,24.5
combined,all_primary,25,5,0.15238016571732857,0.14808953774405423,0.13500188301000568,0.16605353984305044,0.013151837454624699,0.10739282084841573,0.10614405584742265,0.15851685653862094,24.9
baseline,logreg|coef_vs_ttest,25,5,-0.001200595495365775,-0.001200595495365775,-0.001200595495365775,-0.001200595495365775,0.0,0.0,0.0,-0.0012005954953657014,25.0
baseline,logreg|shap_vs_ttest,25,5,0.002804206886615679,-0.001200595495365775,-0.001200595495365775,0.00881141045958786,0.005483801507404158,0.002040816326530612,0.0,0.002804206886615762,25.0
baseline,logreg|perm_vs_ttest,25,5,-0.001200595495365775,-0.001200595495365775,-0.001200595495365775,-0.001200595495365775,0.0,0.0,0.0,-0.0012005954953657014,25.0
baseline,svm|coef_vs_ttest,25,5,-0.001200595495365775,-0.001200595495365775,-0.001200595495365775,-0.001200595495365775,0.0,0.0,0.0,-0.0012005954953657014,25.0
baseline,svm|shap_vs_ttest,25,5,0.0048066080776064165,-0.001200595495365775,-0.001200595495365775,0.01882341641454155,0.00895501036256363,0.0031037414965986395,0.0,0.004806608077606493,25.0
baseline,svm|perm_vs_ttest,25,5,-0.001200595495365775,-0.001200595495365775,-0.001200595495365775,-0.001200595495365775,0.0,0.0,0.0,-0.0012005954953657014,25.0
baseline,rf|shap_vs_ttest,25,5,0.13296028430101323,0.1289554819190318,0.0889074580992171,0.1890275176487537,0.04566177258313757,0.07356322538422522,0.07035024154589371,0.1329602843010133,25.0
baseline,rf|perm_vs_ttest,25,5,0.15498669740191126,0.16900350573884637,0.11894347596407817,0.17901551169380006,0.028844309402529075,0.08591842108569422,0.09378358048570813,0.15498669740191134,25.0
baseline,xgb|shap_vs_ttest,25,5,0.05926643800001944,0.059533776537336325,0.028835422369495184,0.07955177840693162,0.021318930113791674,0.031687126747091066,0.03180889608387295,0.07021838031663705,24.75
baseline,xgb|perm_vs_ttest,25,5,0.05926643800001944,0.059533776537336325,0.028835422369495184,0.07955177840693162,0.021318930113791674,0.031687126747091066,0.03180889608387295,0.07021838031663705,24.75
sensitivity,logreg_coef_across_C,25,5,0.48805276217003624,0.5060743728889527,0.4460023371592309,0.5194237141622243,0.03300420469016077,0.34931915569292754,0.3645689431854916,0.4880527621700364,25.0
resampling,logreg_C0.1|coef,50,5,0.5068171939609577,0.5054806551912042,0.48543257364490167,0.5322114305862742,0.018086535284136104,0.3477633752906194,0.34661646951023767,0.5068171939609578,50.0
resampling,logreg_C100|coef,50,5,0.3845238965285123,0.3785094720646215,0.31836522742571394,0.47206718594736674,0.06261794681482281,0.24459292359986334,0.23757629833353358,0.3845238965285124,50.0
resampling,logreg|coef,50,5,0.40056236176555426,0.4252883290059941,0.3350719620476328,0.43531236977914534,0.042959379175918876,0.2588354660461404,0.27660900780974046,0.40056236176555443,50.0
resampling,logreg|perm,50,5,0.11654787319293507,0.09783633041638606,0.057740167323780955,0.21478347276981757,0.05942527028809197,0.06713806940330108,0.057890151328213846,0.11654787319293522,50.0
resampling,logreg|shap,50,5,0.15597576690066342,0.16132192197967743,0.11788441196268862,0.18137000352597987,0.023932069331845357,0.08785937575400149,0.09122262824455311,0.15597576690066353,50.0
resampling,rf|perm,50,5,0.14929307305189593,0.1512978812065262,0.12790845273583984,0.16800461582844495,0.014293780697363631,0.08328034399081334,0.08362432843665356,0.14929307305189604,50.0
resampling,rf|shap,50,5,0.13525941596948415,0.13793249350899128,0.12122575888707221,0.1479565342821425,0.013448661946797605,0.0746826998241342,0.07579752650520304,0.13525941596948426,50.0
resampling,svm|coef,50,5,0.40056236176555426,0.4119229413084591,0.32170657435009764,0.4653844920985991,0.06240362349301656,0.256324228820204,0.2643042253011423,0.4005623617655544,50.0
resampling,svm|perm,50,5,0.45469218194057115,0.43531236977914534,0.39187485976215664,0.5589422059813443,0.06301783842702695,0.2994051230512944,0.28094208123047343,0.45469218194057126,50.0
resampling,svm|shap,50,5,0.2274805910824758,0.21812481969420128,0.19473539122351502,0.27492771740872524,0.03075128547055916,0.13214794333650143,0.12497056253393479,0.2274805910824759,50.0
resampling,ttest|ttest,50,5,0.2909661826457672,0.27492771740872524,0.25487963586242257,0.36848543129147027,0.04497805451060423,0.18073647963114398,0.16960421691937858,0.29096618264576724,50.0
resampling,xgb|perm,50,5,0.10950787872389336,0.11428001448172431,0.09667861406638245,0.11774333836836626,0.009384724837363039,0.059015737088372,0.060830664863967356,,26.8
resampling,xgb|shap,50,5,0.10950787872389336,0.11428001448172431,0.09667861406638245,0.11774333836836626,0.009384724837363039,0.059015737088372,0.060830664863967356,,26.8
model,explainer=coef,50,5,0.5008027694970669,0.4937859409558611,0.4787498797961342,0.5439061448216174,0.025210014149001946,0.3410712379058774,0.33489649801945665,0.5008027694970669,50.0
model,explainer=perm,50,5,0.07474863666923777,0.07006946749102927,0.052030033460923414,0.10539017984445892,0.019714985084008634,0.0435734280112771,0.04044048302329686,,44.2
model,explainer=shap,50,5,0.11712516713852716,0.12030788636783271,0.09386953765334802,0.12757030081061332,0.013430374249187001,0.06593250028251912,0.06778443262635263,,44.2
explainer,model=logreg,50,5,0.2388411706253805,0.2231368400807768,0.1629925954418692,0.32170657435009764,0.06024393834568786,0.14758466206836804,0.13612489383471693,0.23884117062538066,50.0
explainer,model=rf,50,5,0.6812355034137898,0.6892547360323107,0.64414655255313,0.6942667564188865,0.021145737176249155,0.5188290651487774,0.5276849376114082,0.6812355034137898,50.0
explainer,model=svm,50,5,0.4754085328717504,0.47206718594736663,0.45703112478763974,0.4904445940314772,0.013101744683905264,0.3441375502447602,0.33964797024768384,0.47540853287175044,50.0
explainer,model=xgb,50,5,1.0,1.0,1.0,1.0,0.0,1.0,1.0,1.0,26.8
combined,all_primary,50,5,0.1757967946487987,0.1723981840309525,0.16497186477547524,0.18762008937890495,0.010642722566764098,0.12086011929302529,0.11898290876893622,,45.36
baseline,logreg|coef_vs_ttest,50,5,-0.00039926916049634056,-0.002404077315126596,-0.002404077315126596,0.0026079430714490426,0.00274519662440324,0.00101010101010101,0.0,-0.00039926916049620156,50.0
baseline,logreg|shap_vs_ttest,50,5,0.021653620540436447,0.01764400423117593,0.01263198384460032,0.037692085777478485,0.010865801271448589,0.012267438215523636,0.010152545866831581,0.02165362054043658,50.0
baseline,logreg|perm_vs_ttest,50,5,-0.00039926916049634056,-0.002404077315126596,-0.002404077315126596,0.0026079430714490426,0.00274519662440324,0.00101010101010101,0.0,-0.0003992691604962014,50.0
baseline,svm|coef_vs_ttest,50,5,0.0006031349168187872,0.0026079430714490426,-0.002404077315126596,0.0026079430714490426,0.00274519662440324,0.0015151515151515152,0.0025252525252525255,0.0006031349168189249,50.0
baseline,svm|shap_vs_ttest,50,5,0.012631983844600302,0.01263198384460032,0.007619963458024653,0.01764400423117593,0.005012020386575632,0.007627612119511973,0.007575757575757576,0.012631983844600441,50.0
baseline,svm|perm_vs_ttest,50,5,0.0026079430714490426,0.0026079430714490426,-0.002404077315126596,0.007619963458024681,0.0035440336027928554,0.0025252525252525255,0.0025252525252525255,0.002607943071449178,50.0
baseline,rf|shap_vs_ttest,50,5,0.19105990960669286,0.1930647177613231,0.14294451389556678,0.2231368400807769,0.031219697567264316,0.10782867208266751,0.10826215796904609,0.19105990960669295,50.0
baseline,rf|perm_vs_ttest,50,5,0.23616809308587355,0.2381729012405038,0.20810077892104997,0.2582209827868064,0.01827841987501881,0.13601868498310324,0.1368852103320048,0.23616809308587366,50.0
baseline,xgb|shap_vs_ttest,50,5,0.08239212574744316,0.08847382344388388,0.05789464324342675,0.11090779557744848,0.021466750036427496,0.04440002648065485,0.04741622756328638,,38.4
baseline,xgb|perm_vs_ttest,50,5,0.08239212574744316,0.08847382344388388,0.05789464324342675,0.11090779557744848,0.021466750036427496,0.04440002648065485,0.04741622756328638,,38.4
sensitivity,logreg_coef_across_C,50,5,0.5479157611308778,0.5739782671410711,0.4954566144180529,0.5956970221495655,0.0464885717517097,0.39854105523554845,0.42044511240691024,0.5479157611308778,50.0
