term,term_size_in_background,overlap,foreground_size,background_size,odds_ratio,p_value,overlap_genes,adj_p_bh
Fatty Acid Metabolism,154,3,13,4177,8.83058305830583,0.010705504989089027,ACADL;ADH1C;CIDEA,0.5133601438202627
Epithelial Mesenchymal Transition,196,3,13,4177,6.84151593453919,0.02053440575281051,INHBA;LRRC15;SDC1,0.5133601438202627
Hedgehog Signaling,36,1,13,4177,13.95887323943662,0.1065727946806401,CELSR1,0.8621441714401896
Adipogenesis,190,2,13,4177,4.585976242647907,0.11557419148489519,ACADL;CIDEA,0.8621441714401896
Xenobiotic Metabolism,194,2,13,4177,4.486166007905139,0.1196699968654359,ABCD2;ADH1C,0.8621441714401896
Glycolysis,195,2,13,4177,4.461858218177733,0.12070018400162655,PFKFB1;SDC1,0.8621441714401896
KRAS Signaling Up,195,2,13,4177,4.461858218177733,0.12070018400162655,CIDEA;INHBA,0.8621441714401896
Pperoxisome,100,1,13,4177,4.903115577889447,0.2705563466894696,ABCD2,1.0
Bile Acid Metabolism,106,1,13,4177,4.617440758293839,0.28440950868647985,ABCD2,1.0
DNA Repair,144,1,13,4177,3.3629268292682926,0.3666576173903188,RAE1,1.0
heme Metabolism,185,1,13,4177,2.5889430894308942,0.44555031256585576,EPB42,1.0
G2-M Checkpoint,187,1,13,4177,2.559892761394102,0.44915602889170747,STIL,1.0
Allograft Rejection,190,1,13,4177,2.517467018469657,0.4545240358653931,INHBA,1.0
p53 Pathway,190,1,13,4177,2.517467018469657,0.4545240358653931,SDC1,1.0
E2F Targets,191,1,13,4177,2.5036220472440944,0.456302613124924,DNMT1,1.0
Estrogen Response Early,193,1,13,4177,2.4763636363636365,0.4598437190069145,CELSR1,1.0
TNF-alpha Signaling via NF-kB,195,1,13,4177,2.4496658097686375,0.463363525055566,INHBA,1.0
Estrogen Response Late,197,1,13,4177,2.4235114503816795,0.4668621487722072,STIL,1.0
Inflammatory Response,199,1,13,4177,2.397884130982368,0.4703397070685982,INHBA,1.0
Androgen Response,94,0,13,4177,1.5953360768175584,1.0,,1.0
Angiogenesis,35,0,13,4177,4.308294209702661,1.0,,1.0
Apical Junction,190,0,13,4177,0.7727228540876835,1.0,,1.0
Apical Surface,43,0,13,4177,3.5091528309919116,1.0,,1.0
Apoptosis,160,0,13,4177,0.9240798430829583,1.0,,1.0
Cholesterol Homeostasis,71,0,13,4177,2.1204351204351206,1.0,,1.0
Coagulation,136,0,13,4177,1.0930674264007598,1.0,,1.0
Complement,196,0,13,4177,0.7479973612289134,1.0,,1.0
Hypoxia,194,0,13,4177,0.7560696943730363,1.0,,1.0
IL-2/STAT5 Signaling,195,0,13,4177,0.7520128824476651,1.0,,1.0
IL-6/JAK/STAT3 Signaling,86,0,13,4177,1.7463070006422607,1.0,,1.0
Interferon Alpha Response,92,0,13,4177,1.6306306306306306,1.0,,1.0
Interferon Gamma Response,194,0,13,4177,0.7560696943730363,1.0,,1.0
KRAS Signaling Dn,182,0,13,4177,0.8082191780821918,1.0,,1.0
Mitotic Spindle,198,0,13,4177,0.7400876947476444,1.0,,1.0
Myc Targets V1,186,0,13,4177,0.7900903584549697,1.0,,1.0
Myc Targets V2,56,0,13,4177,2.6932153392330385,1.0,,1.0
Myogenesis,192,0,13,4177,0.7643097643097643,1.0,,1.0
Notch Signaling,31,0,13,4177,4.860082304526749,1.0,,1.0
Oxidative Phosphorylation,181,0,13,4177,0.8128762371186614,1.0,,1.0
PI3K/AKT/mTOR  Signaling,104,0,13,4177,1.4391281233386497,1.0,,1.0
Pancreas Beta Cells,38,0,13,4177,3.9696969696969697,1.0,,1.0
Protein Secretion,95,0,13,4177,1.5782431646305992,1.0,,1.0
Reactive Oxygen Species Pathway,48,0,13,4177,3.14356624665903,1.0,,1.0
Spermatogenesis,127,0,13,4177,1.1728395061728396,1.0,,1.0
TGF-beta Signaling,52,0,13,4177,2.9012345679012346,1.0,,1.0
UV Response Dn,137,0,13,4177,1.084848484848485,1.0,,1.0
UV Response Up,153,0,13,4177,0.9679092773555314,1.0,,1.0
Unfolded Protein Response,105,0,13,4177,1.4251360365104442,1.0,,1.0
Wnt-beta Catenin Signaling,41,0,13,4177,3.680053547523427,1.0,,1.0
mTORC1 Signaling,190,0,13,4177,0.7727228540876835,1.0,,1.0
