,logreg|coef,logreg|shap,logreg|perm,svm|coef,svm|shap,svm|perm,rf|shap,rf|perm,xgb|shap,xgb|perm,logreg_C0.1|coef,logreg_C100|coef,ttest|ttest
logreg|coef,1.0,0.1864451775011458,0.15659356262226726,0.28042754154420874,0.12479926435047506,0.28640197311085747,0.02399339708131171,0.023857468519322626,0.023578038116824955,0.023578038116824955,0.524416204246326,0.26529997753353574,0.005274822695035461
logreg|shap,0.1864451775011458,1.0,0.05729622014477307,0.08361541357091189,0.1797923865395556,0.08693599135811542,0.018579931972789118,0.02181665219279201,0.023700491816158527,0.023700491816158527,0.1274843127502596,0.0827724015351558,0.010419380518164713
logreg|perm,0.15659356262226726,0.05729622014477307,1.0,0.14969423074852992,0.10058245659778939,0.0807605939855518,0.00816326530612245,0.007142857142857143,0.008381337039903843,0.008381337039903843,0.1511166973331972,0.16763566202668376,0.001020408163265306
svm|coef,0.28042754154420874,0.08361541357091189,0.14969423074852992,1.0,0.17787673346380095,0.6299352876452431,0.029268219776347176,0.03348011730131461,0.02119746140824507,0.02119746140824507,0.2191540777290994,0.829320870700181,0.004347826086956522
svm|shap,0.12479926435047506,0.1797923865395556,0.10058245659778939,0.17787673346380095,1.0,0.1412177166727217,0.019821066724562166,0.019642857142857146,0.02252535001890757,0.02252535001890757,0.097559199253828,0.18246055246197052,0.007273122014763352
svm|perm,0.28640197311085747,0.08693599135811542,0.0807605939855518,0.6299352876452431,0.1412177166727217,1.0,0.03592921750877347,0.03907818986367288,0.023508529431451326,0.023508529431451326,0.27142134514601146,0.5672240877002703,0.009492383910085774
rf|shap,0.02399339708131171,0.018579931972789118,0.00816326530612245,0.029268219776347176,0.019821066724562166,0.03592921750877347,1.0,0.7044522221176838,0.05347275950999355,0.05347275950999355,0.015391156462585034,0.0303311449464152,0.0712090843681963
rf|perm,0.023857468519322626,0.02181665219279201,0.007142857142857143,0.03348011730131461,0.019642857142857146,0.03907818986367288,0.7044522221176838,1.0,0.06056089339276203,0.06056089339276203,0.015391156462585034,0.03454304247138264,0.07741975615284136
xgb|shap,0.023578038116824955,0.023700491816158527,0.008381337039903843,0.02119746140824507,0.02252535001890757,0.023508529431451326,0.05347275950999355,0.06056089339276203,1.0,0.9923076923076923,0.02829008190611203,0.018050298287677697,0.057976561117830505
xgb|perm,0.023578038116824955,0.023700491816158527,0.008381337039903843,0.02119746140824507,0.02252535001890757,0.023508529431451326,0.05347275950999355,0.06056089339276203,0.9923076923076923,1.0,0.02829008190611203,0.018050298287677697,0.057976561117830505
logreg_C0.1|coef,0.524416204246326,0.1274843127502596,0.1511166973331972,0.2191540777290994,0.097559199253828,0.27142134514601146,0.015391156462585034,0.015391156462585034,0.02829008190611203,0.02829008190611203,1.0,0.2061269677905691,0.011575717243419107
logreg_C100|coef,0.26529997753353574,0.0827724015351558,0.16763566202668376,0.829320870700181,0.18246055246197052,0.5672240877002703,0.0303311449464152,0.03454304247138264,0.018050298287677697,0.018050298287677697,0.2061269677905691,1.0,0.0031914893617021275
ttest|ttest,0.005274822695035461,0.010419380518164713,0.001020408163265306,0.004347826086956522,0.007273122014763352,0.009492383910085774,0.0712090843681963,0.07741975615284136,0.057976561117830505,0.057976561117830505,0.011575717243419107,0.0031914893617021275,1.0
