dimension,group,k,repeat,phi,jaccard,kuncheva,mean_set_size,n_units
resampling,logreg_C0.1|coef,10,0,0.4097168634225933,0.28795546558704455,0.4097168634225933,10.0,5
resampling,logreg_C0.1|coef,10,1,0.5797984451482867,0.43217338217338214,0.5797984451482868,10.0,5
resampling,logreg_C100|coef,10,0,0.36969766772243007,0.24244264507422403,0.3696976677224302,10.0,5
resampling,logreg_C100|coef,10,1,0.4097168634225933,0.26626984126984127,0.4097168634225933,10.0,5
resampling,logreg|coef,10,0,0.11957769459641032,0.0693154454764362,0.11957769459641039,10.0,5
resampling,logreg|coef,10,1,0.19961608599673675,0.11179910560715516,0.1996160859967367,10.0,5
resampling,logreg|perm,10,0,0.19961608599673675,0.12748538011695904,0.19961608599673675,10.0,5
resampling,logreg|perm,10,1,0.17960648814665514,0.10473856209150327,0.1796064881466551,10.0,5
resampling,logreg|shap,10,0,0.16960168922161423,0.0970330237358101,0.16960168922161434,10.0,5
resampling,logreg|shap,10,1,0.009524906420961599,0.005263157894736842,0.00952490642096171,10.0,5
resampling,rf|perm,10,0,0.08956329782128802,0.04853801169590643,0.08956329782128804,10.0,5
resampling,rf|perm,10,1,0.03953930319608401,0.021637426900584796,0.03953930319608408,10.0,5
resampling,rf|shap,10,0,0.10957289567136952,0.060921912624698996,0.1095728956713696,10.0,5
resampling,rf|shap,10,1,0.04954410212112492,0.0281733746130031,0.04954410212112486,10.0,5
resampling,svm|coef,10,0,0.4897552548229197,0.34463836816777993,0.48975525482291965,10.0,5
resampling,svm|coef,10,1,0.4597408580477973,0.31725023342670405,0.4597408580477972,10.0,5
resampling,svm|perm,10,0,0.5397792494481236,0.41251885369532426,0.5397792494481235,10.0,5
resampling,svm|perm,10,1,0.5197696515980419,0.36105365223012276,0.519769651598042,10.0,5
resampling,svm|shap,10,0,0.4297264612726749,0.29751339132144083,0.4297264612726749,10.0,5
resampling,svm|shap,10,1,0.30966887417218536,0.1935672514619883,0.30966887417218547,10.0,5
resampling,ttest|ttest,10,0,0.26964967847202226,0.1691110317271308,0.26964967847202226,10.0,5
resampling,ttest|ttest,10,1,0.19961608599673675,0.12924175068137916,0.19961608599673675,10.0,5
resampling,xgb|perm,10,0,0.21962568384681824,0.13105435156518747,0.2196256838468183,10.0,5
resampling,xgb|perm,10,1,0.14959209137153273,0.08777949776401787,0.1495920913715328,10.0,5
resampling,xgb|shap,10,0,0.21962568384681824,0.13105435156518747,0.2196256838468183,10.0,5
resampling,xgb|shap,10,1,0.15959689029657353,0.09362745098039216,0.1595968902965736,10.0,5
model,explainer=coef,10,0,0.2396352816968999,0.14026487788097697,0.2396352816968999,10.0,5
model,explainer=coef,10,1,0.39971206449755253,0.26520864756158874,0.39971206449755253,10.0,5
model,explainer=perm,10,0,0.08622836484627439,0.04964453617704392,0.08622836484627443,10.0,5
model,explainer=perm,10,1,0.07288863294622001,0.04193039789015021,0.07288863294622006,10.0,5
model,explainer=shap,10,0,0.07955849889624715,0.047159156060084854,0.07955849889624723,10.0,5
model,explainer=shap,10,1,0.07622356592123365,0.04287065703474372,0.07622356592123364,10.0,5
explainer,model=logreg,10,0,0.15959689029657342,0.09331498681343883,0.15959689029657356,10.0,5
explainer,model=logreg,10,1,0.17293662219662778,0.10342277261781907,0.17293662219662792,10.0,5
explainer,model=rf,10,0,0.6998560322487762,0.5457875457875457,0.6998560322487762,10.0,5
explainer,model=rf,10,1,0.8199136193492658,0.7016317016317016,0.8199136193492658,10.0,5
explainer,model=svm,10,0,0.3330134049972805,0.20746146411781088,0.3330134049972806,10.0,5
explainer,model=svm,10,1,0.3596928687973892,0.24130156049660695,0.3596928687973894,10.0,5
explainer,model=xgb,10,0,0.9599808042998369,0.9272727272727274,0.9599808042998369,10.0,5
explainer,model=xgb,10,1,0.9599808042998369,0.9272727272727274,0.9599808042998369,10.0,5
combined,all_primary,10,0,0.14269989655650467,0.09544171266565486,0.14269989655650467,10.0,5
combined,all_primary,10,1,0.1622648366765844,0.1110848945420669,0.16226483667658448,10.0,5
baseline,logreg|coef_vs_ttest,10,0,-0.00047989250407898254,0.0,-0.0004798925040790863,10.0,5
baseline,logreg|coef_vs_ttest,10,1,0.01952970534600258,0.010526315789473684,0.0195297053460025,10.0,5
baseline,logreg|shap_vs_ttest,10,0,0.01952970534600258,0.010526315789473684,0.019529705346002495,10.0,5
baseline,logreg|shap_vs_ttest,10,1,0.01952970534600258,0.010526315789473684,0.0195297053460025,10.0,5
baseline,logreg|perm_vs_ttest,10,0,-0.00047989250407898254,0.0,-0.0004798925040790863,10.0,5
baseline,logreg|perm_vs_ttest,10,1,-0.00047989250407898254,0.0,-0.0004798925040790863,10.0,5
baseline,svm|coef_vs_ttest,10,0,-0.00047989250407898254,0.0,-0.0004798925040790863,10.0,5
baseline,svm|coef_vs_ttest,10,1,-0.00047989250407898254,0.0,-0.0004798925040790863,10.0,5
baseline,svm|shap_vs_ttest,10,0,0.01952970534600258,0.010526315789473684,0.0195297053460025,10.0,5
baseline,svm|shap_vs_ttest,10,1,-0.00047989250407898254,0.0,-0.0004798925040790863,10.0,5
baseline,svm|perm_vs_ttest,10,0,-0.00047989250407898254,0.0,-0.0004798925040790863,10.0,5
baseline,svm|perm_vs_ttest,10,1,0.01952970534600258,0.010526315789473684,0.0195297053460025,10.0,5
baseline,rf|shap_vs_ttest,10,0,0.21962568384681833,0.1255589955280358,0.2196256838468183,10.0,5
baseline,rf|shap_vs_ttest,10,1,0.1595968902965736,0.0890952872377021,0.15959689029657356,10.0,5
baseline,rf|perm_vs_ttest,10,0,0.2196256838468183,0.12719298245614036,0.2196256838468183,10.0,5
baseline,rf|perm_vs_ttest,10,1,0.1595968902965736,0.0890952872377021,0.15959689029657356,10.0,5
baseline,xgb|shap_vs_ttest,10,0,0.2396352816968999,0.1388888888888889,0.2396352816968999,10.0,5
baseline,xgb|shap_vs_ttest,10,1,0.19961608599673672,0.1154970760233918,0.19961608599673675,10.0,5
baseline,xgb|perm_vs_ttest,10,0,0.2396352816968999,0.1388888888888889,0.2396352816968999,10.0,5
baseline,xgb|perm_vs_ttest,10,1,0.19961608599673672,0.1154970760233918,0.19961608599673675,10.0,5
sensitivity,logreg_coef_across_C,10,0,0.2729846114470357,0.16864137467852638,0.2729846114470359,10.0,5
sensitivity,logreg_coef_across_C,10,1,0.3063339411971718,0.19586434663834046,0.30633394119717183,10.0,5
resampling,logreg_C0.1|coef,25,0,0.39527484032079907,0.25663126488311533,0.3952748403207992,25.0,5
resampling,logreg_C0.1|coef,25,1,0.4152988522307064,0.2722561364353834,0.4152988522307065,25.0,5
resampling,logreg_C100|coef,25,0,0.47537088796042837,0.3277560876740083,0.4753708879604283,25.0,5
resampling,logreg_C100|coef,25,1,0.43932766652259514,0.2871596269806645,0.43932766652259525,25.0,5
resampling,logreg|coef,25,0,0.19503472122172583,0.11361736769466571,0.195034721221726,25.0,5
resampling,logreg|coef,25,1,0.22707314027757752,0.13005899936605786,0.2270731402775777,25.0,5
resampling,logreg|perm,25,0,0.19903952360370736,0.12279327134672018,0.1990395236037074,25.0,5
resampling,logreg|perm,25,1,0.11894347596407806,0.06830561233315328,0.11894347596407817,25.0,5
resampling,logreg|shap,25,0,0.1549866974019113,0.08651333555100216,0.15498669740191134,25.0,5
resampling,logreg|shap,25,1,0.10692906881813369,0.05797212291694913,0.10692906881813377,25.0,5
resampling,rf|perm,25,0,0.15899149978389282,0.08817236773329014,0.1589914997838928,25.0,5
resampling,rf|perm,25,1,0.13095788311002243,0.07236554382669244,0.13095788311002257,25.0,5
resampling,rf|shap,25,0,0.1389674878739855,0.07608806494593463,0.1389674878739855,25.0,5
resampling,rf|shap,25,1,0.10692906881813369,0.05957903050211759,0.1069290688181338,25.0,5
resampling,svm|coef,25,0,0.5474573308360946,0.4059511967792392,0.5474573308360947,25.0,5
resampling,svm|coef,25,1,0.45534687605052093,0.30431460237773006,0.45534687605052104,25.0,5
resampling,svm|perm,25,0,0.6275533784757239,0.481369204660158,0.6275533784757238,25.0,5
resampling,svm|perm,25,1,0.575490947509965,0.4130287067593569,0.575490947509965,25.0,5
resampling,svm|shap,25,0,0.4032844450847619,0.26847945660935585,0.40328444508476213,25.0,5
resampling,svm|shap,25,1,0.31117399029918835,0.1989717806091534,0.3111739902991884,25.0,5
resampling,ttest|ttest,25,0,0.40728924746674344,0.2655611520990598,0.40728924746674355,25.0,5
resampling,ttest|ttest,25,1,0.31117399029918835,0.1962279163854242,0.31117399029918846,25.0,5
resampling,xgb|perm,25,0,0.2842931867771453,0.17137567634532966,,24.2,5
resampling,xgb|perm,25,1,0.23051174994537005,0.13289870485914163,,24.2,5
resampling,xgb|shap,25,0,0.27188208596981245,0.16306669204797328,,24.2,5
resampling,xgb|shap,25,1,0.22637471634292583,0.1304826723821335,,24.2,5
model,explainer=coef,25,0,0.19903952360370739,0.11411362964157994,0.1990395236037074,25.0,5
model,explainer=coef,25,1,0.3832604331748547,0.2424468831012701,0.38326043317485475,25.0,5
model,explainer=perm,25,0,0.08892603030183628,0.05132847887101353,0.09224479341753511,24.8,5
model,explainer=perm,25,1,0.08359243404847454,0.04765987385405139,0.07667056193205163,24.8,5
model,explainer=shap,25,0,0.10506755120767745,0.059583220925030836,0.1156061406457603,24.8,5
model,explainer=shap,25,1,0.11576636611981757,0.0654875781641673,0.11226880532744239,24.8,5
explainer,model=logreg,25,0,0.22039846964094173,0.13375417736849932,0.22039846964094192,25.0,5
explainer,model=logreg,25,1,0.2017093918583616,0.12439845510749517,0.20170939185836173,25.0,5
explainer,model=rf,25,0,0.7597118570811122,0.615530303030303,0.7597118570811122,25.0,5
explainer,model=rf,25,1,0.7997598809009269,0.6716674130467234,0.7997598809009269,25.0,5
explainer,model=svm,25,0,0.4526770077958666,0.3034637827428612,0.4526770077958668,25.0,5
explainer,model=svm,25,1,0.4446674030319036,0.2980940536937602,0.4446674030319038,25.0,5
explainer,model=xgb,25,0,0.9759711857081111,0.9549857549857549,0.9759711857081111,24.2,5
explainer,model=xgb,25,1,0.9919903952360372,0.9846153846153847,0.9919903952360372,24.2,5
combined,all_primary,25,0,0.1678987535652881,0.1122313405262398,0.16789106063274045,24.839999999999996,5
combined,all_primary,25,1,0.18281686334887082,0.1227861190756366,0.1856901823304359,24.84,5
baseline,logreg|coef_vs_ttest,25,0,-0.001200595495365775,0.0,-0.0012005954953657014,25.0,5
baseline,logreg|coef_vs_ttest,25,1,0.01481861403256004,0.008163265306122448,0.014818614032560152,25.0,5
baseline,logreg|shap_vs_ttest,25,0,0.02282821879652299,0.01276595744680851,0.022828218796523074,25.0,5
baseline,logreg|shap_vs_ttest,25,1,0.046857033088411756,0.025180923433203068,0.046857033088411854,25.0,5
baseline,logreg|perm_vs_ttest,25,0,-0.001200595495365775,0.0,-0.0012005954953657014,25.0,5
baseline,logreg|perm_vs_ttest,25,1,-0.001200595495365775,0.0,-0.0012005954953657014,25.0,5
baseline,svm|coef_vs_ttest,25,0,-0.001200595495365775,0.0,-0.0012005954953657014,25.0,5
baseline,svm|coef_vs_ttest,25,1,0.006809009268597133,0.004081632653061224,0.006809009268597226,25.0,5
baseline,svm|shap_vs_ttest,25,0,0.006809009268597133,0.004081632653061224,0.006809009268597226,25.0,5
baseline,svm|shap_vs_ttest,25,1,0.006809009268597133,0.004081632653061224,0.006809009268597226,25.0,5
baseline,svm|perm_vs_ttest,25,0,-0.001200595495365775,0.0,-0.0012005954953657014,25.0,5
baseline,svm|perm_vs_ttest,25,1,0.01481861403256004,0.008163265306122448,0.014818614032560152,25.0,5
baseline,rf|shap_vs_ttest,25,0,0.21505873313163323,0.12212110998764185,0.2150587331316333,25.0,5
baseline,rf|shap_vs_ttest,25,1,0.14297229025596686,0.07791139891047384,0.14297229025596697,25.0,5
baseline,rf|perm_vs_ttest,25,0,0.23908754742352203,0.1382963273515445,0.23908754742352206,25.0,5
baseline,rf|perm_vs_ttest,25,1,0.17501070931181856,0.09724908661078872,0.17501070931181867,25.0,5
baseline,xgb|shap_vs_ttest,25,0,0.22605355203709038,0.1299912339503945,0.2791355712433367,24.6,5
baseline,xgb|shap_vs_ttest,25,1,0.23393520751800928,0.1360800889571964,0.23908754742352203,24.6,5
baseline,xgb|perm_vs_ttest,25,0,0.2340631568010533,0.13504173900089952,0.299159583153244,24.6,5
baseline,xgb|perm_vs_ttest,25,1,0.23393520751800928,0.1360800889571964,0.23908754742352203,24.6,5
sensitivity,logreg_coef_across_C,25,0,0.2684560982247193,0.1721014560567306,0.26845609822471944,25.0,5
sensitivity,logreg_coef_across_C,25,1,0.34321240935503994,0.2197498556134177,0.34321240935504005,25.0,5
resampling,logreg_C0.1|coef,50,0,0.4366489085488988,0.28685631631855885,0.436648908548899,50.0,5
resampling,logreg_C0.1|coef,50,1,0.43865371670352915,0.29110756353830997,0.4386537167035292,50.0,5
resampling,logreg_C100|coef,50,0,0.47874987979613415,0.3355549492173169,0.47874987979613415,50.0,5
resampling,logreg_C100|coef,50,1,0.42261525146648715,0.2735550687738263,0.42261525146648726,50.0,5
resampling,logreg|coef,50,0,0.22213443600346172,0.12914175320132207,0.22213443600346183,50.0,5
resampling,logreg|coef,50,1,0.23416328493124328,0.13431127266208528,0.2341632849312434,50.0,5
resampling,logreg|perm,50,0,0.16199019136455406,0.09596639818310705,0.16199019136455428,50.0,5
resampling,logreg|perm,50,1,0.10184594672564651,0.05872268811026789,0.1018459467256467,50.0,5
resampling,logreg|shap,50,0,0.17602384844696595,0.09867861942848774,0.17602384844696603,50.0,5
resampling,logreg|shap,50,1,0.13592768535436095,0.07523063889310704,0.135927685354361,50.0,5
resampling,rf|perm,50,0,0.19807673814789872,0.11193710839828645,0.19807673814789886,50.0,5
resampling,rf|perm,50,1,0.17802865660159617,0.1013236637303152,0.17802865660159634,50.0,5
resampling,rf|shap,50,0,0.15998538320992395,0.08903062488972616,0.159985383209924,50.0,5
resampling,rf|shap,50,1,0.14595172612751217,0.0821503559137173,0.14595172612751225,50.0,5
resampling,svm|coef,50,0,0.5308748918165207,0.3817890550908335,0.5308748918165208,50.0,5
resampling,svm|coef,50,1,0.47273545533224337,0.3208305590735566,0.4727354553322435,50.0,5
resampling,svm|perm,50,0,0.6271056832387729,0.4697157484893609,0.6271056832387729,50.0,5
resampling,svm|perm,50,1,0.5689662467544956,0.4055736067083034,0.5689662467544956,50.0,5
resampling,svm|shap,50,0,0.4166008270025964,0.2859169634026668,0.4166008270025964,50.0,5
resampling,svm|shap,50,1,0.3564565823636887,0.22434688584774937,0.3564565823636888,50.0,5
resampling,ttest|ttest,50,0,0.38452389652851227,0.24811345399893323,0.3845238965285124,50.0,5
resampling,ttest|ttest,50,1,0.34242292528127694,0.22618226258893787,0.34242292528127705,50.0,5
resampling,xgb|perm,50,0,0.2820572616331749,0.16890941142624732,,25.8,5
resampling,xgb|perm,50,1,0.23086582585251558,0.13273639349749927,,27.6,5
resampling,xgb|shap,50,0,0.2820572616331749,0.16890941142624732,,25.8,5
resampling,xgb|shap,50,1,0.23086582585251558,0.13273639349749927,,27.6,5
model,explainer=coef,50,0,0.21010558707568022,0.12087330395530929,0.21010558707568036,50.0,5
model,explainer=coef,50,1,0.4025671699201846,0.2561962532186762,0.40256716992018465,50.0,5
model,explainer=perm,50,0,0.09293099530742914,0.05670051046113238,,43.95,5
model,explainer=perm,50,1,0.08780512889529828,0.05402124685131156,,44.4,5
model,explainer=shap,50,0,0.12333841806517502,0.0708399827053445,,43.95,5
model,explainer=shap,50,1,0.12039886049431192,0.06853945455695061,,44.4,5
explainer,model=logreg,50,0,0.2448555950892713,0.1495061889455998,0.2448555950892714,50.0,5
explainer,model=logreg,50,1,0.2194613584639547,0.13981186114745642,0.21946135846395487,50.0,5
explainer,model=rf,50,0,0.7634326377536301,0.6215189982950705,0.7634326377536301,50.0,5
explainer,model=rf,50,1,0.7794711029906722,0.6491126731006791,0.7794711029906722,50.0,5
explainer,model=svm,50,0,0.5175095041189858,0.3591087343937706,0.5175095041189859,50.0,5
explainer,model=svm,50,1,0.5215191204282462,0.3658201010690795,0.5215191204282463,50.0,5
explainer,model=xgb,50,0,1.0,1.0,1.0,25.8,5
explainer,model=xgb,50,1,1.0,1.0,1.0,27.6,5
combined,all_primary,50,0,0.1828485862668273,0.12475720484856305,,45.16,5
combined,all_primary,50,1,0.18974147009142212,0.13022120817258326,,45.52,5
baseline,logreg|coef_vs_ttest,50,0,0.009624771612654914,0.006101834673263244,0.009624771612655063,50.0,5
baseline,logreg|coef_vs_ttest,50,1,0.017644004231175913,0.010267199663370502,0.017644004231176076,50.0,5
baseline,logreg|shap_vs_ttest,50,0,0.049720934705259935,0.026852846401718578,0.04972093470526012,50.0,5
baseline,logreg|shap_vs_ttest,50,1,0.05373055101452049,0.029126848786177516,0.05373055101452062,50.0,5
baseline,logreg|perm_vs_ttest,50,0,0.0016055389941339148,0.00202020202020202,0.0016055389941340517,50.0,5
baseline,logreg|perm_vs_ttest,50,1,-0.002404077315126596,0.0,-0.0024040773151264546,50.0,5
baseline,svm|coef_vs_ttest,50,0,-0.002404077315126596,0.0,-0.0024040773151264546,50.0,5
baseline,svm|coef_vs_ttest,50,1,0.0016055389941339148,0.00202020202020202,0.0016055389941340517,50.0,5
baseline,svm|shap_vs_ttest,50,0,0.0016055389941339148,0.00202020202020202,0.0016055389941340517,50.0,5
baseline,svm|shap_vs_ttest,50,1,0.005615155303394426,0.00404040404040404,0.005615155303394558,50.0,5
baseline,svm|perm_vs_ttest,50,0,-0.002404077315126596,0.0,-0.0024040773151264546,50.0,5
baseline,svm|perm_vs_ttest,50,1,0.009624771612654914,0.006101834673263244,0.009624771612655063,50.0,5
baseline,rf|shap_vs_ttest,50,0,0.24218251754976433,0.14056758679375347,0.24218251754976436,50.0,5
baseline,rf|shap_vs_ttest,50,1,0.23015366862198278,0.13184584178498987,0.2301536686219829,50.0,5
baseline,rf|perm_vs_ttest,50,0,0.31034599480719294,0.185832552748445,0.310345994807193,50.0,5
baseline,rf|perm_vs_ttest,50,1,0.26223059909606683,0.15293529999412353,0.262230599096067,50.0,5
baseline,xgb|shap_vs_ttest,50,0,0.20891348599519977,0.11789914066033469,,37.9,5
baseline,xgb|shap_vs_ttest,50,1,0.23346188729147882,0.13564896179026614,,38.8,5
baseline,xgb|perm_vs_ttest,50,0,0.20891348599519977,0.11789914066033469,,37.9,5
baseline,xgb|perm_vs_ttest,50,1,0.23346188729147882,0.13564896179026614,,38.8,5
sensitivity,logreg_coef_across_C,50,0,0.2902979132608903,0.1819806427490348,0.2902979132608905,50.0,5
sensitivity,logreg_coef_across_C,50,1,0.33707677020226284,0.21005884928173751,0.337076770202263,50.0,5
