id,title,authors,year,venue,doi_or_url,dataset,method,models,explainability,validation,biological_interpretation,main_findings,limitations,gap_remaining,lessons_for_bioxplain,overlap_with_bioxplain,challenges_novelty,verification_level
L01,"High Classification Accuracy Does Not Guarantee a Stable Gene Signature: A Selection-Stability Analysis of a Compact RNA-Seq Cancer Classifier",Ira Sirohi,2026,NHSJS (student journal),https://nhsjs.com/2026/high-classification-accuracy-does-not-guarantee-a-stable-gene-signature-a-selection-stability-analysis-of-a-compact-rna-seq-cancer-classifier/,TCGA 5 cancers (2928 tumours 20289 genes); CPTAC external (440),60 resamples; selection frequency + Jaccard + Kuncheva; 75-gene panels,RF + linear SVM,None (Gini + permutation importance only),External CPTAC transfer (needs batch normalisation),GO enrichment (136 terms),99%+ accuracy yet only 14/75 genes selected in >=80% of resamples; canonical markers least stable; instability from rank noise not redundancy,Near-ceiling accuracy; no tuning; only 2 importance measures; no SHAP; single-author student paper,SHAP/explainer comparison; pan-cancer not tumour-vs-normal; no reusable package emphasis,Directly demonstrates our core premise (accuracy != stability). Use chance-corrected metrics; report stable-core-only performance,HIGH - same core question,YES - weakens 'stability is novel',fetched-summary (full text not read)
L02,"Discovery of sparse, reliable omic biomarkers with Stabl","Hedou J; Maric I; Bellan G; et al.",2024,Nature Biotechnology,https://doi.org/10.1038/s41587-023-02033-x,5 clinical omics studies (1400-35000 features),Noise injection (permutation/knockoff) + data-driven reliability threshold on stability selection,Lasso/ElasticNet/etc. base learners,None,Cross-validated; independent cohorts,Limited,Sparser and more reliable biomarker sets than lasso/EN at similar predictive performance,Method is its own selector - not a post-hoc explainer of arbitrary models; no pathway module,Comparing explanations across arbitrary model families,Strong existing baseline for 'reliable sparse signature'; cite and consider as comparator (BSD-3-Clause-Clear licence),MEDIUM - stability selection,YES - stability-aware selection already solved well,search-summary + repo metadata
L03,"On the Stability of Feature Selection Algorithms","Nogueira S; Sechidis K; Brown G",2018,JMLR 18(174):1-54,https://jmlr.org/papers/v18/17-514.html,Theory/synthetic,Axiomatic stability measure Phi with confidence intervals; corrects for chance,n/a,n/a,n/a,n/a,Defines the recommended chance-corrected stability estimator with variance/CI,Assumes fixed feature-set size treatment; compare over subsamples of one dataset,n/a,USE as primary stability metric (implement ourselves - formula is short); report Jaccard/Kuncheva only as secondary,Foundational metric,NO,search-summary (abstract level)
L04,"stabm: Stability Measures for Feature Selection","Bommert A; Sun X; Bischl B; Rahnenfuhrer J; Lang M",2021,JOSS 6(59):3010,https://doi.org/10.21105/joss.03010,n/a,Library of 20 stability measures (R),n/a,n/a,n/a,n/a,Reference implementation to validate our Python stability functions against,R only; not linked to explanations,Python equivalents,Cross-check numerical output of our Nogueira implementation against stabm (LGPL-3 - do not copy code),Overlap in metrics only,NO,search-summary
L05,"Consensus features nested cross-validation","Parvandeh S; Yeh HW; Paulus MP; McKinney BA",2020,Bioinformatics 36(10):3093-3098,https://doi.org/10.1093/bioinformatics/btaa046,Simulated + real,Consensus of top features across inner folds used as selection criterion (cnCV),Various,n/a,Nested CV,None,Consensus across inner folds gives similar accuracy with less compute/overfit,Not explainability-centred,Cross-model consensus and biology,Prior art for 'consensus across folds' - must cite,MEDIUM,PARTIAL,search-summary
L06,"Outcome signature genes in breast cancer: is there a unique set?","Ein-Dor L; Kela I; Getz G; Givol D; Domany E",2005,Bioinformatics 21(2):171-178,https://doi.org/10.1093/bioinformatics/bth469,Breast cancer outcome microarrays,Analysis of gene-list overlap across studies,n/a,n/a,Cross-study,n/a,Overlap between published breast outcome signatures is almost zero; many equally good signatures exist,Prognosis not tumour-vs-normal; pre-SHAP era,n/a,Foundational motivation: instability of signatures is a 20-year-old known problem,Motivation,YES - instability is not new,search-summary
L07,"The influence of feature selection methods on accuracy, stability and interpretability of molecular signatures","Haury AC; Gestraud P; Vert JP",2011,PLoS ONE (arXiv 1101.5008),https://arxiv.org/abs/1101.5008,Four breast-cancer expression datasets,Benchmark of filter/wrapper/embedded selectors on accuracy vs stability,Multiple,n/a,Repeated subsampling,Signature interpretability via pathways,Simple t-test filter is competitive and often more stable than complex selectors; ensembles don't help much,Pre-SHAP; older platforms,Modern XAI + tree/boosting models,IMPORTANT: include a simple univariate baseline in our benchmark,HIGH - same design on breast cancer,PARTIAL,search-summary (year/venue to verify)
L08,"Robust transcriptomic signatures of Alzheimer's disease progression: validated explainable AI approach","Shafik RA; Afify YM; Badr N; Mounir M",2026,Scientific Reports,https://doi.org/10.1038/s41598-026-47879-8,MSBB RNA-seq (125 subjects),XGBoost + TreeSHAP; genes kept if >=80% CV consistency and SHAP >=75th pct; composite score (0.4/0.3/0.3),XGBoost,SHAP,5-fold CV + permutation FDR; no external validation,Co-expression checks in 4 pathways,Minimal gene overlap between stages (~1.7%),Single model; ad hoc composite weights; no external cohort; modest performance,Multi-model; chance-corrected stability; external validation,Example of weakly justified composite scoring - avoid inventing weights without justification,MEDIUM,PARTIAL,fetched-summary
L09,"A systematic evaluation of explainable AI methods for high-dimensional transcriptome-based cancer survival prediction","Zuo Y; Yang S; Zhao W",2026,Frontiers in Physiology,https://doi.org/10.3389/fphys.2026.1830956,TCGA 6248 samples 15 cancers,Compares 6 XAI methods on prognostic enrichment / DB consistency / Kuncheva stability,Self-normalising NN only,IG GradientSHAP DeepLIFT DeepSHAP LRP permutation,CV folds,OpenTargets OncoKB DGIdb CancerMine,DeepSHAP most stable; permutation importance failed under collinearity (near-zero stability),Neural nets only; survival task,Classical models (LR SVM RF XGB) and tumour-vs-normal,Direct precedent for comparing explainers on stability + bio consistency; predicts permutation importance may be unstable in our data too,HIGH - explainer comparison,PARTIAL,fetched-summary
L10,"Consistency of feature attribution in deep learning architectures for multi-omics","Claborne D; et al.",2026,Scientific Reports,https://doi.org/10.1038/s41598-026-58312-5,ICL102/ICL104 multi-omics (lung cell lines),Weighted Kendall tau of SHAP ranks across seeds/architectures,Multi-view VAE-style DL,DeepSHAP,Repeated training,GO enrichment,SHAP rankings unstable across architecture and seed,DL only; two small datasets,Classical models; transcriptomics,Supports need for repeated-run explanation stability,MEDIUM,NO,fetched-summary
L11,"First-Mover Bias in Gradient Boosting Explanations: Mechanism, Detection, and Resolution","Caraker D; Arnold B; Rhoads D",2026,arXiv 2603.22346 (preprint),https://arxiv.org/abs/2603.22346,Synthetic + Breast Cancer (sklearn),Shows sequential residual fitting concentrates SHAP on first-chosen correlated feature; fix = DASH / seed averaging,Gradient boosting,SHAP,Simulation replicates,None,XGBoost SHAP unstable under multicollinearity (rho>=0.7); seed-averaging restores stability,Preprint; not omics-scale,Real transcriptomics with block-correlated genes,Motivates seed-averaged XGBoost explanations and reporting correlated-gene clusters,MEDIUM,NO,fetched-summary (preprint)
L12,"RobustModelMaker: Coupling Bootstrap Stability Selection with Leakage-Safe Nested Cross-Validation for Scientific Machine Learning",Barnard AS,2026,arXiv 2606.01566 (preprint),https://arxiv.org/abs/2606.01566,Ovarian biomarkers (PLCO) + UCI superconductivity + one more,Bootstrap stability selection inside nested CV; Jaccard stability,9 algorithms,No SHAP mentioned,Nested CV; compared to ANOVA/RFECV/Boruta,None described,Tool for stable selection with leakage safety,Not gene-expression/biology centred; no explanation comparison; no external cohort,Explanation-level stability; biology; cross-cohort,Direct software competitor (Python; MIT). Cannot claim 'first leakage-safe stable pipeline',HIGH - Python tool with same leakage+stability idea,YES,search + fetch summary
L13,"Precision Cancer Classification and Biomarker Identification from mRNA Gene Expression via Dimensionality Reduction and Explainable AI",authors not retrieved,2024,arXiv 2410.07260,https://arxiv.org/abs/2410.07260,mRNA expression cancer,Dimensionality reduction + XAI,not verified,SHAP,not verified,not verified,Example of the common 'high accuracy + SHAP top genes' pattern,not verified,Stability/replication,Represents the genre BioXplain must go beyond,MEDIUM,PARTIAL,title only (NOT read)
L14,"Integrating Deep Learning and SHAP for Breast Cancer Classification and Biomarker Discovery Using Gene Expression Data",authors not retrieved,2025,IEEE (doc 10930468),https://ieeexplore.ieee.org/document/10930468/,Breast cancer expression; external GSE45827 GSE7904 GSE42568,DL + SHAP,DL / ensembles,SHAP,Reported 0.9867/1.0/0.9914 accuracy on 3 independent sets,Named DSCAM-AS1 KRT19 ESR1 KRT5,Reports near-perfect accuracy; GSE42568 already used as external set in prior SHAP work,Stability of SHAP genes not clearly assessed (search snippet only),Stability + multi-model + honest uncertainty,Shows near-ceiling accuracy on GSE42568 is routine - accuracy will NOT be our contribution,MEDIUM,PARTIAL,search snippet only (NOT read)
L15,"Stable feature selection utilizing Graph Convolutional Neural Network and Layer-wise Relevance Propagation for biomarker discovery in breast cancer",authors not retrieved,2024,PubMed 38658129,https://pubmed.ncbi.nlm.nih.gov/38658129/,Breast cancer,GCNN+LRP vs other selectors incl. SHAP,GCNN,LRP; SHAP as comparator,Stability across resamples,Gene lists,GCNN+LRP gave most stable gene lists; SHAP-based selection less stable,Needs full-text read,n/a,Evidence that SHAP-selected lists can be less stable,MEDIUM,PARTIAL,search snippet only (NOT read)
L16,"Systematic Bias in Genomic Classification Due to Contaminating Non-neoplastic Tissue in Breast Tumor Samples",Elloumi F et al. (to verify),2011,BMC Medical Genomics 4:54,https://doi.org/10.1186/1755-8794-4-54,Breast tumour expression,Simulated normal-tissue contamination,n/a,n/a,n/a,n/a,Contaminating normal tissue systematically shifts genomic classifiers,2011; not ML-explanation focused,n/a,CRITICAL CAVEAT: normal breast is adipose-rich; tumour-vs-normal top genes may reflect tissue composition,n/a,n/a,search snippet only (authors to verify)
L17,"Combining feature ranking algorithms through rank aggregation / Improving the Reliability of Tree-Based Feature Importance via Consensus Signals / Synthesizing Explainability Across Multiple ML Models for Structured Data",various,2012-2025,various (see search),see open_source_review.md,various,Rank aggregation (Borda/RRA/weighted voting) of feature rankings across selectors/models,various,SHAP + others,n/a,n/a,Consensus ranking generally improves robustness of feature importance,Not omics-specific; scoring choices ad hoc,Principled + evaluated consensus for gene expression,Do NOT invent a scoring formula: use simple documented aggregates (selection frequency + median rank) and test vs alternatives,PARTIAL,PARTIAL,titles only (NOT read) - must read before citing
