repeat,n,roc_auc,ap_cancer,ap_normal,balanced_accuracy,sensitivity,specificity,f1_cancer,f1_normal,tn,fp,fn,tp,roc_auc_ci_lo,roc_auc_ci_hi,ap_normal_ci_lo,ap_normal_ci_hi,balanced_accuracy_ci_lo,balanced_accuracy_ci_hi,C
0,121,0.998868778280543,0.9998159692871231,0.9938080495356036,0.9411764705882353,1.0,0.8823529411764706,0.9904761904761905,0.9375,15,2,0,104,0.9949095022624435,1.0,0.9735294117647059,1.0,0.8529411764705883,1.0,0.01
1,121,0.9960407239819005,0.9993551306026474,0.9794943378420888,0.9117647058823529,1.0,0.8235294117647058,0.985781990521327,0.9032258064516129,14,3,0,104,0.9869909502262444,1.0,0.938768115942029,1.0,0.8235294117647058,1.0,0.01
2,121,0.9920814479638008,0.9987025097800359,0.9618137254901961,0.9069570135746606,0.9903846153846154,0.8235294117647058,0.9809523809523809,0.875,14,3,1,103,0.9779411764705882,1.0,0.9055868010736166,1.0,0.8187217194570136,0.9951923076923077,0.01
3,121,0.9971719457013575,0.9995331457339336,0.9866310160427808,0.9705882352941176,1.0,0.9411764705882353,0.9952153110047847,0.9696969696969697,16,1,0,104,0.9881221719457014,1.0,0.948529411764706,1.0,0.9117647058823529,1.0,0.01
4,121,0.998868778280543,0.9998159692871231,0.9938080495356036,0.9411764705882353,1.0,0.8823529411764706,0.9904761904761905,0.9375,15,2,0,104,0.994343891402715,1.0,0.9732620320855615,1.0,0.8529411764705883,1.0,0.01
0,121,0.9994343891402715,0.9999084249084249,0.9967320261437909,0.9411764705882353,1.0,0.8823529411764706,0.9904761904761905,0.9375,15,2,0,104,0.996606334841629,1.0,0.9823529411764705,1.0,0.8529411764705883,1.0,0.1
1,121,0.9960407239819005,0.9993551306026474,0.9794943378420888,0.9117647058823529,1.0,0.8235294117647058,0.985781990521327,0.9032258064516129,14,3,0,104,0.9869909502262444,1.0,0.938768115942029,1.0,0.8235294117647058,1.0,0.1
2,121,0.9903846153846153,0.9984020072722797,0.9575280112044819,0.9069570135746606,0.9903846153846154,0.8235294117647058,0.9809523809523809,0.875,14,3,1,103,0.9734162895927602,1.0,0.8943101295848974,1.0,0.8187217194570136,0.9951923076923077,0.1
3,121,0.9971719457013575,0.9995331457339336,0.9866310160427808,0.9705882352941176,1.0,0.9411764705882353,0.9952153110047847,0.9696969696969697,16,1,0,104,0.9881221719457014,1.0,0.948529411764706,1.0,0.9117647058823529,1.0,0.1
4,121,0.998868778280543,0.9998159692871231,0.9938080495356036,0.9117647058823529,1.0,0.8235294117647058,0.985781990521327,0.9032258064516129,14,3,0,104,0.994343891402715,1.0,0.9732620320855615,1.0,0.8235294117647058,1.0,0.1
0,121,0.9994343891402715,0.9999084249084249,0.9967320261437909,0.9411764705882353,1.0,0.8823529411764706,0.9904761904761905,0.9375,15,2,0,104,0.996606334841629,1.0,0.9823529411764705,1.0,0.8529411764705883,1.0,1.0
1,121,0.9971719457013575,0.9995446009071439,0.9840397923875432,0.9117647058823529,1.0,0.8235294117647058,0.985781990521327,0.9032258064516129,14,3,0,104,0.9898190045248869,1.0,0.9490094125885649,1.0,0.8235294117647058,1.0,1.0
2,121,0.9937782805429864,0.9989842861799699,0.9692135549872123,0.9069570135746606,0.9903846153846154,0.8235294117647058,0.9809523809523809,0.875,14,3,1,103,0.9819004524886877,1.0,0.9218360071301248,1.0,0.8187217194570136,0.9951923076923077,1.0
3,121,0.9971719457013575,0.9995331457339336,0.9866310160427808,0.9705882352941176,1.0,0.9411764705882353,0.9952153110047847,0.9696969696969697,16,1,0,104,0.9881221719457014,1.0,0.948529411764706,1.0,0.9117647058823529,1.0,1.0
4,121,0.998868778280543,0.9998185776487662,0.9932718185313342,0.9411764705882353,1.0,0.8823529411764706,0.9904761904761905,0.9375,15,2,0,104,0.9949095022624435,1.0,0.9725490196078431,1.0,0.8529411764705883,1.0,1.0
0,121,0.995475113122172,0.999264436040799,0.9764185977421271,0.9711538461538461,0.9423076923076923,1.0,0.9702970297029703,0.85,17,0,6,98,0.9858597285067874,1.0,0.9314950980392155,1.0,0.9471153846153846,0.9903846153846154,10.0
1,121,0.997737556561086,0.9996438746438745,0.9856737793156478,0.9663461538461539,0.9326923076923077,1.0,0.9651741293532339,0.8292682926829268,17,0,7,97,0.9909502262443439,1.0,0.9440932042673529,1.0,0.9423076923076923,0.9903846153846154,10.0
2,121,0.9949095022624433,0.9991841193917096,0.9714175866425001,0.9471153846153846,0.8942307692307693,1.0,0.9441624365482234,0.7555555555555555,17,0,11,93,0.9847285067873304,1.0,0.9225939110516146,1.0,0.9134615384615384,0.9759615384615384,10.0
3,121,0.9971719457013575,0.9995331457339336,0.9866310160427807,0.9567307692307692,0.9134615384615384,1.0,0.9547738693467337,0.7906976744186046,17,0,9,95,0.9881221719457014,1.0,0.948529411764706,1.0,0.9278846153846154,0.9807692307692308,10.0
4,121,0.9960407239819004,0.9993637972972583,0.9777372713791399,0.9615384615384616,0.9230769230769231,1.0,0.96,0.8095238095238095,17,0,8,96,0.9864253393665159,1.0,0.9283104132747297,1.0,0.9373798076923077,0.9855769230769231,10.0
0,121,0.995475113122172,0.999264436040799,0.9764185977421271,0.9711538461538461,0.9423076923076923,1.0,0.9702970297029703,0.85,17,0,6,98,0.9858597285067874,1.0,0.9314950980392155,1.0,0.9471153846153846,0.9903846153846154,100.0
1,121,0.997737556561086,0.9996438746438745,0.9856737793156478,0.9663461538461539,0.9326923076923077,1.0,0.9651741293532339,0.8292682926829268,17,0,7,97,0.9909502262443439,1.0,0.9440932042673529,1.0,0.9423076923076923,0.9903846153846154,100.0
2,121,0.9949095022624433,0.9991841193917096,0.9714175866425001,0.9471153846153846,0.8942307692307693,1.0,0.9441624365482234,0.7555555555555555,17,0,11,93,0.9847285067873304,1.0,0.9225939110516146,1.0,0.9134615384615384,0.9759615384615384,100.0
3,121,0.9971719457013575,0.9995331457339336,0.9866310160427807,0.9567307692307692,0.9134615384615384,1.0,0.9547738693467337,0.7906976744186046,17,0,9,95,0.9881221719457014,1.0,0.948529411764706,1.0,0.9278846153846154,0.9807692307692308,100.0
4,121,0.9960407239819004,0.9993637972972583,0.9777372713791399,0.9615384615384616,0.9230769230769231,1.0,0.96,0.8095238095238095,17,0,8,96,0.9864253393665159,1.0,0.9283104132747297,1.0,0.9373798076923077,0.9855769230769231,100.0
