C,reference_C,repeat,fold,spearman_abs_coef,jaccard_top25,n_genes
0.01,1.0,0,0,0.5482084653830605,0.16279069767441862,20087
0.1,1.0,0,0,0.5649844540413759,0.16279069767441862,20087
1.0,1.0,0,0,0.9999999999999999,1.0,20087
10.0,1.0,0,0,0.5884609471342214,0.28205128205128205,20087
100.0,1.0,0,0,0.5822938483275765,0.28205128205128205,20087
0.01,1.0,0,1,0.6977001823231223,0.35135135135135137,20131
0.1,1.0,0,1,0.7066314211739733,0.42857142857142855,20131
1.0,1.0,0,1,1.0,1.0,20131
10.0,1.0,0,1,0.6312519416757785,0.19047619047619047,20131
100.0,1.0,0,1,0.6229787802409326,0.19047619047619047,20131
0.01,1.0,0,2,0.7152886922718482,0.3157894736842105,20152
0.1,1.0,0,2,0.7351656338275158,0.3157894736842105,20152
1.0,1.0,0,2,0.9999999999999999,1.0,20152
10.0,1.0,0,2,0.6065915670557537,0.06382978723404255,20152
100.0,1.0,0,2,0.6050083023262262,0.06382978723404255,20152
0.01,1.0,0,3,0.8017355699772496,0.42857142857142855,20127
0.1,1.0,0,3,0.8135387025547366,0.35135135135135137,20127
1.0,1.0,0,3,1.0,1.0,20127
10.0,1.0,0,3,0.7137977220931147,0.1111111111111111,20127
100.0,1.0,0,3,0.7140632129605139,0.1111111111111111,20127
0.01,1.0,0,4,0.7092487734813568,0.21951219512195122,20142
0.1,1.0,0,4,0.7319431594698768,0.21951219512195122,20142
1.0,1.0,0,4,0.9999999999999999,1.0,20142
10.0,1.0,0,4,0.6319150050070649,0.19047619047619047,20142
100.0,1.0,0,4,0.6205494168465351,0.19047619047619047,20142
0.01,1.0,1,0,0.7103941572512975,0.3888888888888889,20095
0.1,1.0,1,0,0.7267213096802551,0.3888888888888889,20095
1.0,1.0,1,0,1.0,1.0,20095
10.0,1.0,1,0,0.6216426796652671,0.1111111111111111,20095
100.0,1.0,1,0,0.6163908813066323,0.1111111111111111,20095
0.01,1.0,1,1,0.6411029477799554,0.25,20115
0.1,1.0,1,1,0.6911272024690073,0.3157894736842105,20115
1.0,1.0,1,1,1.0,1.0,20115
10.0,1.0,1,1,0.6441175683646622,0.1111111111111111,20115
100.0,1.0,1,1,0.6402863163170203,0.08695652173913043,20115
0.01,1.0,1,2,0.6928752470763401,0.35135135135135137,20153
0.1,1.0,1,2,0.7155468565619453,0.35135135135135137,20153
1.0,1.0,1,2,0.9999999999999999,1.0,20153
10.0,1.0,1,2,0.6015677634800833,0.1111111111111111,20153
100.0,1.0,1,2,0.5915551666278283,0.1111111111111111,20153
0.01,1.0,1,3,0.72562266351142,0.35135135135135137,20180
0.1,1.0,1,3,0.7207554594865827,0.3157894736842105,20180
1.0,1.0,1,3,1.0,1.0,20180
10.0,1.0,1,3,0.6514101299694398,0.21951219512195122,20180
100.0,1.0,1,3,0.6486042336794876,0.21951219512195122,20180
0.01,1.0,1,4,0.7680295461004202,0.47058823529411764,20084
0.1,1.0,1,4,0.7875865027155871,0.47058823529411764,20084
1.0,1.0,1,4,1.0,1.0,20084
10.0,1.0,1,4,0.6977097058779859,0.19047619047619047,20084
100.0,1.0,1,4,0.6970215698602228,0.19047619047619047,20084
0.01,1.0,2,0,0.6352044504706035,0.25,20148
0.1,1.0,2,0,0.6597994649824098,0.21951219512195122,20148
1.0,1.0,2,0,1.0,1.0,20148
10.0,1.0,2,0,0.6623152305624508,0.28205128205128205,20148
100.0,1.0,2,0,0.6591218974571244,0.28205128205128205,20148
0.01,1.0,2,1,0.6763070767029634,0.3157894736842105,20152
0.1,1.0,2,1,0.6964903932387093,0.3157894736842105,20152
1.0,1.0,2,1,0.9999999999999999,1.0,20152
10.0,1.0,2,1,0.61773168078758,0.21951219512195122,20152
100.0,1.0,2,1,0.6027145954388913,0.21951219512195122,20152
0.01,1.0,2,2,0.7768457847385126,0.42857142857142855,20183
0.1,1.0,2,2,0.7866483228502441,0.42857142857142855,20183
1.0,1.0,2,2,0.9999999999999999,1.0,20183
10.0,1.0,2,2,0.6811962626200558,0.06382978723404255,20183
100.0,1.0,2,2,0.6812169368081237,0.06382978723404255,20183
0.01,1.0,2,3,0.7595672138082687,0.3888888888888889,20029
0.1,1.0,2,3,0.7804194101779676,0.3888888888888889,20029
1.0,1.0,2,3,0.9999999999999999,1.0,20029
10.0,1.0,2,3,0.6691047466218436,0.08695652173913043,20029
100.0,1.0,2,3,0.655879751349643,0.08695652173913043,20029
0.01,1.0,2,4,0.7246945681991501,0.5151515151515151,20116
0.1,1.0,2,4,0.7367346423812076,0.5151515151515151,20116
1.0,1.0,2,4,1.0,1.0,20116
10.0,1.0,2,4,0.6722330583662702,0.21951219512195122,20116
100.0,1.0,2,4,0.6718793179427525,0.21951219512195122,20116
0.01,1.0,3,0,0.5456743993007087,0.13636363636363635,20151
0.1,1.0,3,0,0.5515048392826,0.1111111111111111,20151
1.0,1.0,3,0,0.9999999999999999,1.0,20151
10.0,1.0,3,0,0.5756673471635999,0.21951219512195122,20151
100.0,1.0,3,0,0.5631194926452711,0.21951219512195122,20151
0.01,1.0,3,1,0.5209586339000395,0.08695652173913043,20049
0.1,1.0,3,1,0.530125227426852,0.06382978723404255,20049
1.0,1.0,3,1,1.0,1.0,20049
10.0,1.0,3,1,0.5882177990561636,0.06382978723404255,20049
100.0,1.0,3,1,0.5892594140746873,0.06382978723404255,20049
0.01,1.0,3,2,0.5541211841954237,0.0,20162
0.1,1.0,3,2,0.5600746653673276,0.0,20162
1.0,1.0,3,2,0.9999999999999999,1.0,20162
10.0,1.0,3,2,0.5334633770042027,0.0,20162
100.0,1.0,3,2,0.531843904679991,0.0,20162
0.01,1.0,3,3,0.6859589330099503,0.35135135135135137,20187
0.1,1.0,3,3,0.6940827662613853,0.3157894736842105,20187
1.0,1.0,3,3,1.0,1.0,20187
10.0,1.0,3,3,0.586974862267395,0.16279069767441862,20187
100.0,1.0,3,3,0.5825771834577989,0.16279069767441862,20187
0.01,1.0,3,4,0.6046275691306103,0.041666666666666664,20104
0.1,1.0,3,4,0.6085502341130997,0.041666666666666664,20104
1.0,1.0,3,4,1.0,1.0,20104
10.0,1.0,3,4,0.5677971956395589,0.02040816326530612,20104
100.0,1.0,3,4,0.5671640501690929,0.02040816326530612,20104
0.01,1.0,4,0,0.8016031076177738,0.3157894736842105,20118
0.1,1.0,4,0,0.8410243872857464,0.5151515151515151,20118
1.0,1.0,4,0,1.0,1.0,20118
10.0,1.0,4,0,0.5518736305380592,0.06382978723404255,20118
100.0,1.0,4,0,0.5298263100097069,0.06382978723404255,20118
0.01,1.0,4,1,0.8433835837205887,0.5151515151515151,20057
0.1,1.0,4,1,0.8662455316458951,0.6129032258064516,20057
1.0,1.0,4,1,1.0,1.0,20057
10.0,1.0,4,1,0.6916402785495751,0.13636363636363635,20057
100.0,1.0,4,1,0.6908619882536593,0.13636363636363635,20057
0.01,1.0,4,2,0.7942745428931713,0.47058823529411764,20125
0.1,1.0,4,2,0.8158541642560627,0.5151515151515151,20125
1.0,1.0,4,2,1.0,1.0,20125
10.0,1.0,4,2,0.608950167335638,0.08695652173913043,20125
100.0,1.0,4,2,0.6080882581810249,0.08695652173913043,20125
0.01,1.0,4,3,0.7049534119705794,0.3888888888888889,20184
0.1,1.0,4,3,0.7308291761493428,0.42857142857142855,20184
1.0,1.0,4,3,1.0,1.0,20184
10.0,1.0,4,3,0.5735412341102595,0.041666666666666664,20184
100.0,1.0,4,3,0.5728618063924065,0.041666666666666664,20184
0.01,1.0,4,4,0.6731705016515376,0.25,20149
0.1,1.0,4,4,0.6896633621258187,0.19047619047619047,20149
1.0,1.0,4,4,1.0,1.0,20149
10.0,1.0,4,4,0.6583711120990703,0.21951219512195122,20149
100.0,1.0,4,4,0.6580975849339481,0.21951219512195122,20149
