C,scope,k,n_sets,n_features,nogueira,kuncheva,jaccard,n_distinct_genes,mean_set_size
0.01,all_runs,10,25,20848,0.4657437374028217,0.4657437374028213,0.3271374242659073,54,10.0
0.01,all_runs,25,25,20848,0.48057713105700417,0.4805771310570042,0.3301728060229014,123,25.0
0.01,all_runs,50,25,20848,0.5103590217008045,0.510359021700804,0.35338925527741977,218,50.0
0.01,repeat_0,10,5,20848,0.4097168634225933,0.4097168634225934,0.2679382279227481,27,10.0
0.01,repeat_0,25,5,20848,0.47136608557844695,0.47136608557844684,0.31983528858528854,60,25.0
0.01,repeat_0,50,5,20848,0.4927835368785459,0.4927835368785461,0.3349858669263951,123,50.0
0.01,repeat_1,10,5,20848,0.5497840483731644,0.5497840483731645,0.39819902319902317,22,10.0
0.01,repeat_1,25,5,20848,0.463356480814484,0.463356480814484,0.31209287788235157,61,25.0
0.01,repeat_1,50,5,20848,0.43865371670352915,0.4386537167035292,0.28866336606047316,132,50.0
0.01,repeat_2,10,5,20848,0.3997120644975525,0.39971206449755253,0.26802621183426134,27,10.0
0.01,repeat_2,25,5,20848,0.3832604331748547,0.38326043317485475,0.24715755520709087,70,25.0
0.01,repeat_2,50,5,20848,0.4667210308683526,0.46672103086835276,0.31106905140496305,124,50.0
0.01,repeat_3,10,5,20848,0.31967367309722616,0.3196736730972262,0.2059101373342859,30,10.0
0.01,repeat_3,25,5,20848,0.47537088796042826,0.4753708879604283,0.3261722395226888,62,25.0
0.01,repeat_3,50,5,20848,0.5068171939609577,0.5068171939609577,0.35026770544074076,119,50.0
0.01,repeat_4,10,5,20848,0.4197216623476342,0.4197216623476341,0.2840213278293774,26,10.0
0.01,repeat_4,25,5,20848,0.3992796427027805,0.3992796427027806,0.25873084855188605,69,25.0
0.01,repeat_4,50,5,20848,0.42261525146648715,0.42261525146648726,0.27465470903426165,133,50.0
0.1,all_runs,10,25,20848,0.4554054451802796,0.4554054451802792,0.321868303981307,54,10.0
0.1,all_runs,25,25,20848,0.430917581520434,0.4309175815204347,0.2870534076580398,128,25.0
0.1,all_runs,50,25,20848,0.4792176683655479,0.4792176683655478,0.3272498810475844,242,50.0
0.1,repeat_0,10,5,20848,0.4497360591227565,0.44973605912275644,0.3095707783788279,24,10.0
0.1,repeat_0,25,5,20848,0.3672412236469288,0.3672412236469289,0.2332484691891068,70,25.0
0.1,repeat_0,50,5,20848,0.44867775747668037,0.44867775747668037,0.29897400296572385,128,50.0
0.1,repeat_1,10,5,20848,0.569793646223246,0.569793646223246,0.4166971916971917,20,10.0
0.1,repeat_1,25,5,20848,0.3992796427027805,0.39927964270278055,0.25675396849419097,69,25.0
0.1,repeat_1,50,5,20848,0.4326392922396384,0.43263929223963843,0.2836480049929858,134,50.0
0.1,repeat_2,10,5,20848,0.33968327094730777,0.33968327094730777,0.2215964118440898,29,10.0
0.1,repeat_2,25,5,20848,0.39127003793881754,0.39127003793881776,0.2485430686650199,69,25.0
0.1,repeat_2,50,5,20848,0.4246200596211174,0.4246200596211174,0.27673351552661896,133,50.0
0.1,repeat_3,10,5,20848,0.3496880698723486,0.34968806987234863,0.23343653250773994,29,10.0
0.1,repeat_3,25,5,20848,0.3872652355568361,0.38726523555683623,0.2576989022837191,70,25.0
0.1,repeat_3,50,5,20848,0.4607066064044619,0.4607066064044619,0.31616013924690156,128,50.0
0.1,repeat_4,10,5,20848,0.3496880698723486,0.3496880698723486,0.2280689468769964,28,10.0
0.1,repeat_4,25,5,20848,0.37525082841089175,0.37525082841089186,0.23886905633143307,69,25.0
0.1,repeat_4,50,5,20848,0.4045719780748148,0.4045719780748149,0.2604072995520653,135,50.0
1.0,all_runs,10,25,20848,0.20695293854176666,0.20695293854176655,0.1275608736522052,112,10.0
1.0,all_runs,25,25,20848,0.2480316060766139,0.24803160607661434,0.15102231722112647,257,25.0
1.0,all_runs,50,25,20848,0.2705171394685385,0.2705171394685387,0.16405471462741525,480,50.0
1.0,repeat_0,10,5,20848,0.21962568384681824,0.21962568384681833,0.12915376676986584,34,10.0
1.0,repeat_0,25,5,20848,0.31117399029918835,0.31117399029918846,0.18794573083389993,82,25.0
1.0,repeat_0,50,5,20848,0.3223748437349744,0.32237484373497455,0.19726713360351444,158,50.0
1.0,repeat_1,10,5,20848,0.33968327094730777,0.33968327094730777,0.23133030540151278,31,10.0
1.0,repeat_1,25,5,20848,0.3191835950631513,0.3191835950631513,0.2052556740906605,80,25.0
1.0,repeat_1,50,5,20848,0.2762642561784786,0.27626425617847866,0.1653787963624906,168,50.0
1.0,repeat_2,10,5,20848,0.22963048277185916,0.2296304827718591,0.13997248022015824,36,10.0
1.0,repeat_2,25,5,20848,0.2671211640973923,0.26712116409739234,0.1590864876257241,83,25.0
1.0,repeat_2,50,5,20848,0.29631233772478105,0.29631233772478127,0.1784508159796979,162,50.0
1.0,repeat_3,10,5,20848,0.07955849889624711,0.07955849889624725,0.043859649122807015,43,10.0
1.0,repeat_3,25,5,20848,0.10292426643615216,0.10292426643615234,0.05673777097842271,104,25.0
1.0,repeat_3,50,5,20848,0.14194210981825162,0.14194210981825175,0.07924971111476278,201,50.0
1.0,repeat_4,10,5,20848,0.26964967847202226,0.26964967847202226,0.17094820384294068,33,10.0
1.0,repeat_4,25,5,20848,0.23508274504154048,0.23508274504154061,0.1396091993319389,87,25.0
1.0,repeat_4,50,5,20848,0.26423540725069705,0.26423540725069716,0.15665265043068968,162,50.0
10.0,all_runs,10,25,20848,0.4560724317752822,0.4560724317752818,0.3227768668093749,55,10.0
10.0,all_runs,25,25,20848,0.4768393155004882,0.4768393155004878,0.3332765233385475,127,25.0
10.0,all_runs,50,25,20848,0.5053470013142289,0.505347001314229,0.3542937982178778,218,50.0
10.0,repeat_0,10,5,20848,0.3897072655725118,0.38970726557251173,0.2614902641218431,28,10.0
10.0,repeat_0,25,5,20848,0.4793756903424098,0.47937569034240984,0.331509841427762,65,25.0
10.0,repeat_0,50,5,20848,0.5008027694970669,0.500802769497067,0.3545378202170475,123,50.0
10.0,repeat_1,10,5,20848,0.4297264612726749,0.4297264612726749,0.2811391223155929,27,10.0
10.0,repeat_1,25,5,20848,0.4313180617586322,0.43131806175863235,0.2835787014668706,69,25.0
10.0,repeat_1,50,5,20848,0.4506825656313106,0.4506825656313107,0.29534727183870835,136,50.0
10.0,repeat_2,10,5,20848,0.4597408580477973,0.4597408580477972,0.3283272283272283,26,10.0
10.0,repeat_2,25,5,20848,0.447337271286558,0.4473372712865582,0.309008335386733,65,25.0
10.0,repeat_2,50,5,20848,0.4647162227137225,0.4647162227137224,0.3207483692989763,125,50.0
10.0,repeat_3,10,5,20848,0.36969766772243007,0.3696976677224302,0.25654038943512625,28,10.0
10.0,repeat_3,25,5,20848,0.39527484032079907,0.3952748403207991,0.2722059131942852,69,25.0
10.0,repeat_3,50,5,20848,0.4526873737859408,0.4526873737859409,0.3044479619067283,127,50.0
10.0,repeat_4,10,5,20848,0.4097168634225933,0.4097168634225933,0.2756715506715507,29,10.0
10.0,repeat_4,25,5,20848,0.4152988522307064,0.4152988522307065,0.27260565418460153,72,25.0
10.0,repeat_4,50,5,20848,0.4426633330127896,0.44266333301278965,0.2967351551803153,135,50.0
100.0,all_runs,10,25,20848,0.44506715295773747,0.4450671529577366,0.3113156806500466,59,10.0
100.0,all_runs,25,25,20848,0.4763053418495573,0.4763053418495571,0.3322817341271198,131,25.0
100.0,all_runs,50,25,20848,0.49719411481873244,0.49719411481873216,0.3482553146495771,225,50.0
100.0,repeat_0,10,5,20848,0.379702466647471,0.379702466647471,0.2519664545980336,29,10.0
100.0,repeat_0,25,5,20848,0.4993997022523171,0.4993997022523171,0.35309385382059794,64,25.0
100.0,repeat_0,50,5,20848,0.48877392056928537,0.4887739205692855,0.3450569305800265,125,50.0
100.0,repeat_1,10,5,20848,0.4497360591227565,0.4497360591227565,0.3016519428284134,26,10.0
100.0,repeat_1,25,5,20848,0.42330845699466935,0.42330845699466935,0.27567014746792917,70,25.0
100.0,repeat_1,50,5,20848,0.4426633330127896,0.4426633330127897,0.2895920447008546,137,50.0
100.0,repeat_2,10,5,20848,0.3997120644975525,0.39971206449755253,0.2698235974551764,29,10.0
100.0,repeat_2,25,5,20848,0.44333246890457656,0.44333246890457667,0.30504008141847905,66,25.0
100.0,repeat_2,50,5,20848,0.45469218194057115,0.45469218194057115,0.313362405173681,126,50.0
100.0,repeat_3,10,5,20848,0.36969766772243007,0.3696976677224302,0.25654038943512625,28,10.0
100.0,repeat_3,25,5,20848,0.3992796427027805,0.39927964270278055,0.2755797323575781,69,25.0
100.0,repeat_3,50,5,20848,0.4346441003942686,0.43464410039426865,0.29084498705060446,130,50.0
100.0,repeat_4,10,5,20848,0.3997120644975525,0.39971206449755253,0.26468253968253974,30,10.0
100.0,repeat_4,25,5,20848,0.4152988522307064,0.4152988522307065,0.27260565418460153,72,25.0
100.0,repeat_4,50,5,20848,0.4326392922396384,0.43263929223963843,0.2870666736743071,137,50.0
