sample,y_true,score,pred,experiment_id,dataset,model,explainer,repeat,fold,seed
GSM1045191,0,2.5685737093573314e-05,0,20260921T190737Z_slice_logreg_coef_1cb7b8e9,GSE42568,logreg,coef,0,0,20260921
GSM1045202,0,5.066215339077765e-07,0,20260921T190737Z_slice_logreg_coef_1cb7b8e9,GSE42568,logreg,coef,0,0,20260921
GSM1045205,0,4.940961261843092e-09,0,20260921T190737Z_slice_logreg_coef_1cb7b8e9,GSE42568,logreg,coef,0,0,20260921
GSM1045207,0,1.0083962682631547e-09,0,20260921T190737Z_slice_logreg_coef_1cb7b8e9,GSE42568,logreg,coef,0,0,20260921
GSM1045217,1,0.9977779117277129,1,20260921T190737Z_slice_logreg_coef_1cb7b8e9,GSE42568,logreg,coef,0,0,20260921
GSM1045218,1,0.9999163728932478,1,20260921T190737Z_slice_logreg_coef_1cb7b8e9,GSE42568,logreg,coef,0,0,20260921
GSM1045221,1,0.9996546280703567,1,20260921T190737Z_slice_logreg_coef_1cb7b8e9,GSE42568,logreg,coef,0,0,20260921
GSM1045224,1,0.9999964324260369,1,20260921T190737Z_slice_logreg_coef_1cb7b8e9,GSE42568,logreg,coef,0,0,20260921
GSM1045225,1,0.9999512720786053,1,20260921T190737Z_slice_logreg_coef_1cb7b8e9,GSE42568,logreg,coef,0,0,20260921
GSM1045228,1,0.9999799289415889,1,20260921T190737Z_slice_logreg_coef_1cb7b8e9,GSE42568,logreg,coef,0,0,20260921
GSM1045238,1,0.9999408030618033,1,20260921T190737Z_slice_logreg_coef_1cb7b8e9,GSE42568,logreg,coef,0,0,20260921
GSM1045242,1,0.999900241353011,1,20260921T190737Z_slice_logreg_coef_1cb7b8e9,GSE42568,logreg,coef,0,0,20260921
GSM1045244,1,0.9999936478759484,1,20260921T190737Z_slice_logreg_coef_1cb7b8e9,GSE42568,logreg,coef,0,0,20260921
GSM1045245,1,0.9994900945315504,1,20260921T190737Z_slice_logreg_coef_1cb7b8e9,GSE42568,logreg,coef,0,0,20260921
GSM1045257,1,0.9999774246103602,1,20260921T190737Z_slice_logreg_coef_1cb7b8e9,GSE42568,logreg,coef,0,0,20260921
GSM1045267,1,0.9998386889518458,1,20260921T190737Z_slice_logreg_coef_1cb7b8e9,GSE42568,logreg,coef,0,0,20260921
GSM1045273,1,0.999815408554025,1,20260921T190737Z_slice_logreg_coef_1cb7b8e9,GSE42568,logreg,coef,0,0,20260921
GSM1045275,1,0.9999920476226695,1,20260921T190737Z_slice_logreg_coef_1cb7b8e9,GSE42568,logreg,coef,0,0,20260921
GSM1045279,1,0.9997564611835171,1,20260921T190737Z_slice_logreg_coef_1cb7b8e9,GSE42568,logreg,coef,0,0,20260921
GSM1045288,1,0.7774746408358006,1,20260921T190737Z_slice_logreg_coef_1cb7b8e9,GSE42568,logreg,coef,0,0,20260921
GSM1045289,1,0.9998824774648815,1,20260921T190737Z_slice_logreg_coef_1cb7b8e9,GSE42568,logreg,coef,0,0,20260921
GSM1045292,1,0.9999643034555,1,20260921T190737Z_slice_logreg_coef_1cb7b8e9,GSE42568,logreg,coef,0,0,20260921
GSM1045299,1,0.9999626286916351,1,20260921T190737Z_slice_logreg_coef_1cb7b8e9,GSE42568,logreg,coef,0,0,20260921
GSM1045304,1,0.9999949573131865,1,20260921T190737Z_slice_logreg_coef_1cb7b8e9,GSE42568,logreg,coef,0,0,20260921
GSM1045309,1,0.9998655905509414,1,20260921T190737Z_slice_logreg_coef_1cb7b8e9,GSE42568,logreg,coef,0,0,20260921
GSM1045193,0,0.9251047264383417,1,20260921T190737Z_slice_logreg_coef_1cb7b8e9,GSE42568,logreg,coef,0,1,20260921
GSM1045195,0,3.07038941683595e-05,0,20260921T190737Z_slice_logreg_coef_1cb7b8e9,GSE42568,logreg,coef,0,1,20260921
GSM1045199,0,1.744849233333702e-07,0,20260921T190737Z_slice_logreg_coef_1cb7b8e9,GSE42568,logreg,coef,0,1,20260921
GSM1045206,0,9.322066524535125e-07,0,20260921T190737Z_slice_logreg_coef_1cb7b8e9,GSE42568,logreg,coef,0,1,20260921
GSM1045210,1,0.9999886729803616,1,20260921T190737Z_slice_logreg_coef_1cb7b8e9,GSE42568,logreg,coef,0,1,20260921
GSM1045220,1,0.9999697590515946,1,20260921T190737Z_slice_logreg_coef_1cb7b8e9,GSE42568,logreg,coef,0,1,20260921
GSM1045229,1,0.9999219637784584,1,20260921T190737Z_slice_logreg_coef_1cb7b8e9,GSE42568,logreg,coef,0,1,20260921
GSM1045232,1,0.9997191926666829,1,20260921T190737Z_slice_logreg_coef_1cb7b8e9,GSE42568,logreg,coef,0,1,20260921
GSM1045233,1,0.9999586674641228,1,20260921T190737Z_slice_logreg_coef_1cb7b8e9,GSE42568,logreg,coef,0,1,20260921
GSM1045235,1,0.9999957829033996,1,20260921T190737Z_slice_logreg_coef_1cb7b8e9,GSE42568,logreg,coef,0,1,20260921
GSM1045241,1,0.999965447497858,1,20260921T190737Z_slice_logreg_coef_1cb7b8e9,GSE42568,logreg,coef,0,1,20260921
GSM1045260,1,0.9999579473094586,1,20260921T190737Z_slice_logreg_coef_1cb7b8e9,GSE42568,logreg,coef,0,1,20260921
GSM1045261,1,0.9999753843896538,1,20260921T190737Z_slice_logreg_coef_1cb7b8e9,GSE42568,logreg,coef,0,1,20260921
GSM1045269,1,0.9999012348446904,1,20260921T190737Z_slice_logreg_coef_1cb7b8e9,GSE42568,logreg,coef,0,1,20260921
GSM1045271,1,0.9999951054175109,1,20260921T190737Z_slice_logreg_coef_1cb7b8e9,GSE42568,logreg,coef,0,1,20260921
GSM1045276,1,0.9997249974606959,1,20260921T190737Z_slice_logreg_coef_1cb7b8e9,GSE42568,logreg,coef,0,1,20260921
GSM1045282,1,0.9998590342888882,1,20260921T190737Z_slice_logreg_coef_1cb7b8e9,GSE42568,logreg,coef,0,1,20260921
GSM1045283,1,0.9999616621322738,1,20260921T190737Z_slice_logreg_coef_1cb7b8e9,GSE42568,logreg,coef,0,1,20260921
GSM1045291,1,0.9998753999339076,1,20260921T190737Z_slice_logreg_coef_1cb7b8e9,GSE42568,logreg,coef,0,1,20260921
GSM1045293,1,0.9994960730498686,1,20260921T190737Z_slice_logreg_coef_1cb7b8e9,GSE42568,logreg,coef,0,1,20260921
GSM1045294,1,0.9999325375575626,1,20260921T190737Z_slice_logreg_coef_1cb7b8e9,GSE42568,logreg,coef,0,1,20260921
GSM1045301,1,0.9938951220382447,1,20260921T190737Z_slice_logreg_coef_1cb7b8e9,GSE42568,logreg,coef,0,1,20260921
GSM1045303,1,0.9999461795112069,1,20260921T190737Z_slice_logreg_coef_1cb7b8e9,GSE42568,logreg,coef,0,1,20260921
GSM1045305,1,0.9999829915520871,1,20260921T190737Z_slice_logreg_coef_1cb7b8e9,GSE42568,logreg,coef,0,1,20260921
GSM1045194,0,0.5011967843755756,1,20260921T190737Z_slice_logreg_coef_1cb7b8e9,GSE42568,logreg,coef,0,2,20260921
GSM1045197,0,1.17569411459113e-06,0,20260921T190737Z_slice_logreg_coef_1cb7b8e9,GSE42568,logreg,coef,0,2,20260921
GSM1045204,0,4.748802465594921e-06,0,20260921T190737Z_slice_logreg_coef_1cb7b8e9,GSE42568,logreg,coef,0,2,20260921
GSM1045208,1,0.9999979066914747,1,20260921T190737Z_slice_logreg_coef_1cb7b8e9,GSE42568,logreg,coef,0,2,20260921
GSM1045211,1,0.9996286138322638,1,20260921T190737Z_slice_logreg_coef_1cb7b8e9,GSE42568,logreg,coef,0,2,20260921
GSM1045212,1,0.999899679326314,1,20260921T190737Z_slice_logreg_coef_1cb7b8e9,GSE42568,logreg,coef,0,2,20260921
GSM1045213,1,0.9991239443764852,1,20260921T190737Z_slice_logreg_coef_1cb7b8e9,GSE42568,logreg,coef,0,2,20260921
GSM1045216,1,0.9999916465678971,1,20260921T190737Z_slice_logreg_coef_1cb7b8e9,GSE42568,logreg,coef,0,2,20260921
GSM1045231,1,0.999999258272395,1,20260921T190737Z_slice_logreg_coef_1cb7b8e9,GSE42568,logreg,coef,0,2,20260921
GSM1045237,1,0.9999835902973943,1,20260921T190737Z_slice_logreg_coef_1cb7b8e9,GSE42568,logreg,coef,0,2,20260921
GSM1045249,1,0.9999506323413972,1,20260921T190737Z_slice_logreg_coef_1cb7b8e9,GSE42568,logreg,coef,0,2,20260921
GSM1045251,1,0.9995319535899494,1,20260921T190737Z_slice_logreg_coef_1cb7b8e9,GSE42568,logreg,coef,0,2,20260921
GSM1045253,1,0.9999666074825225,1,20260921T190737Z_slice_logreg_coef_1cb7b8e9,GSE42568,logreg,coef,0,2,20260921
GSM1045255,1,0.9988039056710764,1,20260921T190737Z_slice_logreg_coef_1cb7b8e9,GSE42568,logreg,coef,0,2,20260921
GSM1045258,1,0.999969602669708,1,20260921T190737Z_slice_logreg_coef_1cb7b8e9,GSE42568,logreg,coef,0,2,20260921
GSM1045259,1,0.9998399943763161,1,20260921T190737Z_slice_logreg_coef_1cb7b8e9,GSE42568,logreg,coef,0,2,20260921
GSM1045263,1,0.9999994265243182,1,20260921T190737Z_slice_logreg_coef_1cb7b8e9,GSE42568,logreg,coef,0,2,20260921
GSM1045268,1,0.9999422327071223,1,20260921T190737Z_slice_logreg_coef_1cb7b8e9,GSE42568,logreg,coef,0,2,20260921
GSM1045270,1,0.9999408701296936,1,20260921T190737Z_slice_logreg_coef_1cb7b8e9,GSE42568,logreg,coef,0,2,20260921
GSM1045274,1,0.9999989660615839,1,20260921T190737Z_slice_logreg_coef_1cb7b8e9,GSE42568,logreg,coef,0,2,20260921
GSM1045290,1,0.9999154726825367,1,20260921T190737Z_slice_logreg_coef_1cb7b8e9,GSE42568,logreg,coef,0,2,20260921
GSM1045298,1,0.9999936083058456,1,20260921T190737Z_slice_logreg_coef_1cb7b8e9,GSE42568,logreg,coef,0,2,20260921
GSM1045308,1,0.999998263693448,1,20260921T190737Z_slice_logreg_coef_1cb7b8e9,GSE42568,logreg,coef,0,2,20260921
GSM1045311,1,0.9999766803922465,1,20260921T190737Z_slice_logreg_coef_1cb7b8e9,GSE42568,logreg,coef,0,2,20260921
GSM1045192,0,0.15474537583713324,0,20260921T190737Z_slice_logreg_coef_1cb7b8e9,GSE42568,logreg,coef,0,3,20260921
GSM1045200,0,0.0037940804740350677,0,20260921T190737Z_slice_logreg_coef_1cb7b8e9,GSE42568,logreg,coef,0,3,20260921
GSM1045203,0,1.070136757747597e-05,0,20260921T190737Z_slice_logreg_coef_1cb7b8e9,GSE42568,logreg,coef,0,3,20260921
GSM1045209,1,0.9999107683942874,1,20260921T190737Z_slice_logreg_coef_1cb7b8e9,GSE42568,logreg,coef,0,3,20260921
GSM1045215,1,0.9999767836123375,1,20260921T190737Z_slice_logreg_coef_1cb7b8e9,GSE42568,logreg,coef,0,3,20260921
GSM1045219,1,0.999826702545544,1,20260921T190737Z_slice_logreg_coef_1cb7b8e9,GSE42568,logreg,coef,0,3,20260921
GSM1045223,1,0.9786635678879554,1,20260921T190737Z_slice_logreg_coef_1cb7b8e9,GSE42568,logreg,coef,0,3,20260921
GSM1045227,1,0.999991249485981,1,20260921T190737Z_slice_logreg_coef_1cb7b8e9,GSE42568,logreg,coef,0,3,20260921
GSM1045239,1,0.9998426223981589,1,20260921T190737Z_slice_logreg_coef_1cb7b8e9,GSE42568,logreg,coef,0,3,20260921
GSM1045248,1,0.9997759908065672,1,20260921T190737Z_slice_logreg_coef_1cb7b8e9,GSE42568,logreg,coef,0,3,20260921
GSM1045252,1,0.9836830682760183,1,20260921T190737Z_slice_logreg_coef_1cb7b8e9,GSE42568,logreg,coef,0,3,20260921
GSM1045254,1,0.9999830936193544,1,20260921T190737Z_slice_logreg_coef_1cb7b8e9,GSE42568,logreg,coef,0,3,20260921
GSM1045262,1,0.9998940214455856,1,20260921T190737Z_slice_logreg_coef_1cb7b8e9,GSE42568,logreg,coef,0,3,20260921
GSM1045266,1,0.9999198921107773,1,20260921T190737Z_slice_logreg_coef_1cb7b8e9,GSE42568,logreg,coef,0,3,20260921
GSM1045272,1,0.9999834950517936,1,20260921T190737Z_slice_logreg_coef_1cb7b8e9,GSE42568,logreg,coef,0,3,20260921
GSM1045277,1,0.9999905360638038,1,20260921T190737Z_slice_logreg_coef_1cb7b8e9,GSE42568,logreg,coef,0,3,20260921
GSM1045280,1,0.9919888484032648,1,20260921T190737Z_slice_logreg_coef_1cb7b8e9,GSE42568,logreg,coef,0,3,20260921
GSM1045285,1,0.9772336697796723,1,20260921T190737Z_slice_logreg_coef_1cb7b8e9,GSE42568,logreg,coef,0,3,20260921
GSM1045286,1,0.9999950130766718,1,20260921T190737Z_slice_logreg_coef_1cb7b8e9,GSE42568,logreg,coef,0,3,20260921
GSM1045295,1,0.9979940316405188,1,20260921T190737Z_slice_logreg_coef_1cb7b8e9,GSE42568,logreg,coef,0,3,20260921
GSM1045300,1,0.999996582885196,1,20260921T190737Z_slice_logreg_coef_1cb7b8e9,GSE42568,logreg,coef,0,3,20260921
GSM1045302,1,0.9897957708425696,1,20260921T190737Z_slice_logreg_coef_1cb7b8e9,GSE42568,logreg,coef,0,3,20260921
GSM1045307,1,0.9999148466532107,1,20260921T190737Z_slice_logreg_coef_1cb7b8e9,GSE42568,logreg,coef,0,3,20260921
GSM1045310,1,0.9999576914444526,1,20260921T190737Z_slice_logreg_coef_1cb7b8e9,GSE42568,logreg,coef,0,3,20260921
GSM1045196,0,6.162612926545365e-07,0,20260921T190737Z_slice_logreg_coef_1cb7b8e9,GSE42568,logreg,coef,0,4,20260921
GSM1045198,0,1.9806892479730713e-05,0,20260921T190737Z_slice_logreg_coef_1cb7b8e9,GSE42568,logreg,coef,0,4,20260921
GSM1045201,0,0.05027599435130946,0,20260921T190737Z_slice_logreg_coef_1cb7b8e9,GSE42568,logreg,coef,0,4,20260921
GSM1045214,1,0.9998581660985635,1,20260921T190737Z_slice_logreg_coef_1cb7b8e9,GSE42568,logreg,coef,0,4,20260921
GSM1045222,1,0.9998422456350828,1,20260921T190737Z_slice_logreg_coef_1cb7b8e9,GSE42568,logreg,coef,0,4,20260921
GSM1045226,1,0.9999758750571497,1,20260921T190737Z_slice_logreg_coef_1cb7b8e9,GSE42568,logreg,coef,0,4,20260921
GSM1045230,1,0.9999594884947406,1,20260921T190737Z_slice_logreg_coef_1cb7b8e9,GSE42568,logreg,coef,0,4,20260921
GSM1045234,1,0.9999246900783237,1,20260921T190737Z_slice_logreg_coef_1cb7b8e9,GSE42568,logreg,coef,0,4,20260921
GSM1045236,1,0.9999605483307643,1,20260921T190737Z_slice_logreg_coef_1cb7b8e9,GSE42568,logreg,coef,0,4,20260921
GSM1045240,1,0.999687805650904,1,20260921T190737Z_slice_logreg_coef_1cb7b8e9,GSE42568,logreg,coef,0,4,20260921
GSM1045243,1,0.9944061702909689,1,20260921T190737Z_slice_logreg_coef_1cb7b8e9,GSE42568,logreg,coef,0,4,20260921
GSM1045246,1,0.9999708958951152,1,20260921T190737Z_slice_logreg_coef_1cb7b8e9,GSE42568,logreg,coef,0,4,20260921
GSM1045247,1,0.9999589172057411,1,20260921T190737Z_slice_logreg_coef_1cb7b8e9,GSE42568,logreg,coef,0,4,20260921
GSM1045250,1,0.9996741462350716,1,20260921T190737Z_slice_logreg_coef_1cb7b8e9,GSE42568,logreg,coef,0,4,20260921
GSM1045256,1,0.9944539666089116,1,20260921T190737Z_slice_logreg_coef_1cb7b8e9,GSE42568,logreg,coef,0,4,20260921
GSM1045264,1,0.9999445452774656,1,20260921T190737Z_slice_logreg_coef_1cb7b8e9,GSE42568,logreg,coef,0,4,20260921
GSM1045265,1,0.9998732614917328,1,20260921T190737Z_slice_logreg_coef_1cb7b8e9,GSE42568,logreg,coef,0,4,20260921
GSM1045278,1,0.9992335814614192,1,20260921T190737Z_slice_logreg_coef_1cb7b8e9,GSE42568,logreg,coef,0,4,20260921
GSM1045281,1,0.9999964859326315,1,20260921T190737Z_slice_logreg_coef_1cb7b8e9,GSE42568,logreg,coef,0,4,20260921
GSM1045284,1,0.9999955749054387,1,20260921T190737Z_slice_logreg_coef_1cb7b8e9,GSE42568,logreg,coef,0,4,20260921
GSM1045287,1,0.9998547807964511,1,20260921T190737Z_slice_logreg_coef_1cb7b8e9,GSE42568,logreg,coef,0,4,20260921
GSM1045296,1,0.9999343851482135,1,20260921T190737Z_slice_logreg_coef_1cb7b8e9,GSE42568,logreg,coef,0,4,20260921
GSM1045297,1,0.9999507584007128,1,20260921T190737Z_slice_logreg_coef_1cb7b8e9,GSE42568,logreg,coef,0,4,20260921
GSM1045306,1,0.9985768303742524,1,20260921T190737Z_slice_logreg_coef_1cb7b8e9,GSE42568,logreg,coef,0,4,20260921
GSM1045195,0,3.776904429464697e-05,0,20260921T190737Z_slice_logreg_coef_1cb7b8e9,GSE42568,logreg,coef,1,0,20260922
GSM1045197,0,1.9976896323773486e-06,0,20260921T190737Z_slice_logreg_coef_1cb7b8e9,GSE42568,logreg,coef,1,0,20260922
GSM1045204,0,5.130197038501047e-06,0,20260921T190737Z_slice_logreg_coef_1cb7b8e9,GSE42568,logreg,coef,1,0,20260922
GSM1045206,0,1.8237648048582534e-06,0,20260921T190737Z_slice_logreg_coef_1cb7b8e9,GSE42568,logreg,coef,1,0,20260922
GSM1045209,1,0.9999727257637212,1,20260921T190737Z_slice_logreg_coef_1cb7b8e9,GSE42568,logreg,coef,1,0,20260922
GSM1045214,1,0.9999616790039509,1,20260921T190737Z_slice_logreg_coef_1cb7b8e9,GSE42568,logreg,coef,1,0,20260922
GSM1045220,1,0.9999856815138539,1,20260921T190737Z_slice_logreg_coef_1cb7b8e9,GSE42568,logreg,coef,1,0,20260922
GSM1045221,1,0.9997007836363564,1,20260921T190737Z_slice_logreg_coef_1cb7b8e9,GSE42568,logreg,coef,1,0,20260922
GSM1045223,1,0.9728173746688323,1,20260921T190737Z_slice_logreg_coef_1cb7b8e9,GSE42568,logreg,coef,1,0,20260922
GSM1045232,1,0.9996729065192814,1,20260921T190737Z_slice_logreg_coef_1cb7b8e9,GSE42568,logreg,coef,1,0,20260922
GSM1045234,1,0.9999580392203707,1,20260921T190737Z_slice_logreg_coef_1cb7b8e9,GSE42568,logreg,coef,1,0,20260922
GSM1045242,1,0.9999194722355441,1,20260921T190737Z_slice_logreg_coef_1cb7b8e9,GSE42568,logreg,coef,1,0,20260922
GSM1045246,1,0.9999657034341459,1,20260921T190737Z_slice_logreg_coef_1cb7b8e9,GSE42568,logreg,coef,1,0,20260922
GSM1045250,1,0.9999437061450267,1,20260921T190737Z_slice_logreg_coef_1cb7b8e9,GSE42568,logreg,coef,1,0,20260922
GSM1045258,1,0.9999740207837646,1,20260921T190737Z_slice_logreg_coef_1cb7b8e9,GSE42568,logreg,coef,1,0,20260922
GSM1045264,1,0.9999924334450389,1,20260921T190737Z_slice_logreg_coef_1cb7b8e9,GSE42568,logreg,coef,1,0,20260922
GSM1045274,1,0.9999938629960449,1,20260921T190737Z_slice_logreg_coef_1cb7b8e9,GSE42568,logreg,coef,1,0,20260922
GSM1045276,1,0.9998902166627563,1,20260921T190737Z_slice_logreg_coef_1cb7b8e9,GSE42568,logreg,coef,1,0,20260922
GSM1045278,1,0.9990101895660299,1,20260921T190737Z_slice_logreg_coef_1cb7b8e9,GSE42568,logreg,coef,1,0,20260922
GSM1045283,1,0.9999770762635843,1,20260921T190737Z_slice_logreg_coef_1cb7b8e9,GSE42568,logreg,coef,1,0,20260922
GSM1045294,1,0.9999675295502828,1,20260921T190737Z_slice_logreg_coef_1cb7b8e9,GSE42568,logreg,coef,1,0,20260922
GSM1045302,1,0.982662030422504,1,20260921T190737Z_slice_logreg_coef_1cb7b8e9,GSE42568,logreg,coef,1,0,20260922
GSM1045307,1,0.9999415953943913,1,20260921T190737Z_slice_logreg_coef_1cb7b8e9,GSE42568,logreg,coef,1,0,20260922
GSM1045309,1,0.9999369805936007,1,20260921T190737Z_slice_logreg_coef_1cb7b8e9,GSE42568,logreg,coef,1,0,20260922
GSM1045311,1,0.9999541458935578,1,20260921T190737Z_slice_logreg_coef_1cb7b8e9,GSE42568,logreg,coef,1,0,20260922
GSM1045198,0,2.7534169496032787e-05,0,20260921T190737Z_slice_logreg_coef_1cb7b8e9,GSE42568,logreg,coef,1,1,20260922
GSM1045200,0,0.02547828625122309,0,20260921T190737Z_slice_logreg_coef_1cb7b8e9,GSE42568,logreg,coef,1,1,20260922
GSM1045201,0,0.11294284008276191,0,20260921T190737Z_slice_logreg_coef_1cb7b8e9,GSE42568,logreg,coef,1,1,20260922
GSM1045205,0,1.175030746351533e-06,0,20260921T190737Z_slice_logreg_coef_1cb7b8e9,GSE42568,logreg,coef,1,1,20260922
GSM1045213,1,0.9997364573939017,1,20260921T190737Z_slice_logreg_coef_1cb7b8e9,GSE42568,logreg,coef,1,1,20260922
GSM1045217,1,0.9995790883086644,1,20260921T190737Z_slice_logreg_coef_1cb7b8e9,GSE42568,logreg,coef,1,1,20260922
GSM1045224,1,0.9999913451903418,1,20260921T190737Z_slice_logreg_coef_1cb7b8e9,GSE42568,logreg,coef,1,1,20260922
GSM1045226,1,0.9999690191328788,1,20260921T190737Z_slice_logreg_coef_1cb7b8e9,GSE42568,logreg,coef,1,1,20260922
GSM1045228,1,0.9999820361711016,1,20260921T190737Z_slice_logreg_coef_1cb7b8e9,GSE42568,logreg,coef,1,1,20260922
GSM1045236,1,0.9999151510885496,1,20260921T190737Z_slice_logreg_coef_1cb7b8e9,GSE42568,logreg,coef,1,1,20260922
GSM1045240,1,0.9998378453442782,1,20260921T190737Z_slice_logreg_coef_1cb7b8e9,GSE42568,logreg,coef,1,1,20260922
GSM1045249,1,0.9999579997915032,1,20260921T190737Z_slice_logreg_coef_1cb7b8e9,GSE42568,logreg,coef,1,1,20260922
GSM1045257,1,0.9999864106327903,1,20260921T190737Z_slice_logreg_coef_1cb7b8e9,GSE42568,logreg,coef,1,1,20260922
GSM1045261,1,0.9999730524113558,1,20260921T190737Z_slice_logreg_coef_1cb7b8e9,GSE42568,logreg,coef,1,1,20260922
GSM1045267,1,0.9997731842963103,1,20260921T190737Z_slice_logreg_coef_1cb7b8e9,GSE42568,logreg,coef,1,1,20260922
GSM1045275,1,0.9999895308852061,1,20260921T190737Z_slice_logreg_coef_1cb7b8e9,GSE42568,logreg,coef,1,1,20260922
GSM1045282,1,0.999852571231626,1,20260921T190737Z_slice_logreg_coef_1cb7b8e9,GSE42568,logreg,coef,1,1,20260922
GSM1045286,1,0.999989190432412,1,20260921T190737Z_slice_logreg_coef_1cb7b8e9,GSE42568,logreg,coef,1,1,20260922
GSM1045288,1,0.9537823252996032,1,20260921T190737Z_slice_logreg_coef_1cb7b8e9,GSE42568,logreg,coef,1,1,20260922
GSM1045289,1,0.9998235260548904,1,20260921T190737Z_slice_logreg_coef_1cb7b8e9,GSE42568,logreg,coef,1,1,20260922
GSM1045291,1,0.999937726137504,1,20260921T190737Z_slice_logreg_coef_1cb7b8e9,GSE42568,logreg,coef,1,1,20260922
GSM1045298,1,0.9999647222746013,1,20260921T190737Z_slice_logreg_coef_1cb7b8e9,GSE42568,logreg,coef,1,1,20260922
GSM1045305,1,0.9999875376007064,1,20260921T190737Z_slice_logreg_coef_1cb7b8e9,GSE42568,logreg,coef,1,1,20260922
GSM1045308,1,0.9999941330403875,1,20260921T190737Z_slice_logreg_coef_1cb7b8e9,GSE42568,logreg,coef,1,1,20260922
GSM1045191,0,0.0008357318696311636,0,20260921T190737Z_slice_logreg_coef_1cb7b8e9,GSE42568,logreg,coef,1,2,20260922
GSM1045199,0,4.1889516432519083e-07,0,20260921T190737Z_slice_logreg_coef_1cb7b8e9,GSE42568,logreg,coef,1,2,20260922
GSM1045202,0,3.020420445191763e-05,0,20260921T190737Z_slice_logreg_coef_1cb7b8e9,GSE42568,logreg,coef,1,2,20260922
GSM1045210,1,0.9999970468050027,1,20260921T190737Z_slice_logreg_coef_1cb7b8e9,GSE42568,logreg,coef,1,2,20260922
GSM1045211,1,0.999698228447999,1,20260921T190737Z_slice_logreg_coef_1cb7b8e9,GSE42568,logreg,coef,1,2,20260922
GSM1045215,1,0.9999798836804848,1,20260921T190737Z_slice_logreg_coef_1cb7b8e9,GSE42568,logreg,coef,1,2,20260922
GSM1045218,1,0.9999848139840115,1,20260921T190737Z_slice_logreg_coef_1cb7b8e9,GSE42568,logreg,coef,1,2,20260922
GSM1045229,1,0.9998110089937854,1,20260921T190737Z_slice_logreg_coef_1cb7b8e9,GSE42568,logreg,coef,1,2,20260922
GSM1045231,1,0.9999985327835037,1,20260921T190737Z_slice_logreg_coef_1cb7b8e9,GSE42568,logreg,coef,1,2,20260922
GSM1045241,1,0.9999490666811511,1,20260921T190737Z_slice_logreg_coef_1cb7b8e9,GSE42568,logreg,coef,1,2,20260922
GSM1045245,1,0.9996441834070241,1,20260921T190737Z_slice_logreg_coef_1cb7b8e9,GSE42568,logreg,coef,1,2,20260922
GSM1045248,1,0.9997985532714696,1,20260921T190737Z_slice_logreg_coef_1cb7b8e9,GSE42568,logreg,coef,1,2,20260922
GSM1045251,1,0.9996761272761183,1,20260921T190737Z_slice_logreg_coef_1cb7b8e9,GSE42568,logreg,coef,1,2,20260922
GSM1045253,1,0.9999929791117677,1,20260921T190737Z_slice_logreg_coef_1cb7b8e9,GSE42568,logreg,coef,1,2,20260922
GSM1045259,1,0.9998741541150516,1,20260921T190737Z_slice_logreg_coef_1cb7b8e9,GSE42568,logreg,coef,1,2,20260922
GSM1045260,1,0.9999738940071056,1,20260921T190737Z_slice_logreg_coef_1cb7b8e9,GSE42568,logreg,coef,1,2,20260922
GSM1045268,1,0.9999299029926075,1,20260921T190737Z_slice_logreg_coef_1cb7b8e9,GSE42568,logreg,coef,1,2,20260922
GSM1045269,1,0.999800434958639,1,20260921T190737Z_slice_logreg_coef_1cb7b8e9,GSE42568,logreg,coef,1,2,20260922
GSM1045279,1,0.9998329324019797,1,20260921T190737Z_slice_logreg_coef_1cb7b8e9,GSE42568,logreg,coef,1,2,20260922
GSM1045280,1,0.9945468851460049,1,20260921T190737Z_slice_logreg_coef_1cb7b8e9,GSE42568,logreg,coef,1,2,20260922
GSM1045285,1,0.9695746408650644,1,20260921T190737Z_slice_logreg_coef_1cb7b8e9,GSE42568,logreg,coef,1,2,20260922
GSM1045287,1,0.9995807088560643,1,20260921T190737Z_slice_logreg_coef_1cb7b8e9,GSE42568,logreg,coef,1,2,20260922
GSM1045296,1,0.9999543464737954,1,20260921T190737Z_slice_logreg_coef_1cb7b8e9,GSE42568,logreg,coef,1,2,20260922
GSM1045297,1,0.9999585034792742,1,20260921T190737Z_slice_logreg_coef_1cb7b8e9,GSE42568,logreg,coef,1,2,20260922
GSM1045194,0,0.6951064447872988,1,20260921T190737Z_slice_logreg_coef_1cb7b8e9,GSE42568,logreg,coef,1,3,20260922
GSM1045203,0,1.323254187510853e-05,0,20260921T190737Z_slice_logreg_coef_1cb7b8e9,GSE42568,logreg,coef,1,3,20260922
GSM1045207,0,5.965190450830272e-08,0,20260921T190737Z_slice_logreg_coef_1cb7b8e9,GSE42568,logreg,coef,1,3,20260922
GSM1045208,1,0.9999986236170064,1,20260921T190737Z_slice_logreg_coef_1cb7b8e9,GSE42568,logreg,coef,1,3,20260922
GSM1045212,1,0.9997186461920446,1,20260921T190737Z_slice_logreg_coef_1cb7b8e9,GSE42568,logreg,coef,1,3,20260922
GSM1045216,1,0.9999206546228605,1,20260921T190737Z_slice_logreg_coef_1cb7b8e9,GSE42568,logreg,coef,1,3,20260922
GSM1045222,1,0.9999801057880567,1,20260921T190737Z_slice_logreg_coef_1cb7b8e9,GSE42568,logreg,coef,1,3,20260922
GSM1045225,1,0.9999647262646972,1,20260921T190737Z_slice_logreg_coef_1cb7b8e9,GSE42568,logreg,coef,1,3,20260922
GSM1045239,1,0.9997633768891433,1,20260921T190737Z_slice_logreg_coef_1cb7b8e9,GSE42568,logreg,coef,1,3,20260922
GSM1045252,1,0.6113264761547879,1,20260921T190737Z_slice_logreg_coef_1cb7b8e9,GSE42568,logreg,coef,1,3,20260922
GSM1045262,1,0.9998107514613694,1,20260921T190737Z_slice_logreg_coef_1cb7b8e9,GSE42568,logreg,coef,1,3,20260922
GSM1045266,1,0.9989358515086539,1,20260921T190737Z_slice_logreg_coef_1cb7b8e9,GSE42568,logreg,coef,1,3,20260922
GSM1045270,1,0.9998913504286601,1,20260921T190737Z_slice_logreg_coef_1cb7b8e9,GSE42568,logreg,coef,1,3,20260922
GSM1045271,1,0.9999930235660887,1,20260921T190737Z_slice_logreg_coef_1cb7b8e9,GSE42568,logreg,coef,1,3,20260922
GSM1045272,1,0.999950482556626,1,20260921T190737Z_slice_logreg_coef_1cb7b8e9,GSE42568,logreg,coef,1,3,20260922
GSM1045273,1,0.9999214984331574,1,20260921T190737Z_slice_logreg_coef_1cb7b8e9,GSE42568,logreg,coef,1,3,20260922
GSM1045281,1,0.9999960805983114,1,20260921T190737Z_slice_logreg_coef_1cb7b8e9,GSE42568,logreg,coef,1,3,20260922
GSM1045284,1,0.9999962116650526,1,20260921T190737Z_slice_logreg_coef_1cb7b8e9,GSE42568,logreg,coef,1,3,20260922
GSM1045292,1,0.9999771371275005,1,20260921T190737Z_slice_logreg_coef_1cb7b8e9,GSE42568,logreg,coef,1,3,20260922
GSM1045293,1,0.9996833853253122,1,20260921T190737Z_slice_logreg_coef_1cb7b8e9,GSE42568,logreg,coef,1,3,20260922
GSM1045295,1,0.9993210863634071,1,20260921T190737Z_slice_logreg_coef_1cb7b8e9,GSE42568,logreg,coef,1,3,20260922
GSM1045303,1,0.999976545627956,1,20260921T190737Z_slice_logreg_coef_1cb7b8e9,GSE42568,logreg,coef,1,3,20260922
GSM1045306,1,0.9996715512765617,1,20260921T190737Z_slice_logreg_coef_1cb7b8e9,GSE42568,logreg,coef,1,3,20260922
GSM1045310,1,0.9999284772085913,1,20260921T190737Z_slice_logreg_coef_1cb7b8e9,GSE42568,logreg,coef,1,3,20260922
GSM1045192,0,0.7183242694213278,1,20260921T190737Z_slice_logreg_coef_1cb7b8e9,GSE42568,logreg,coef,1,4,20260922
GSM1045193,0,0.9717055551162449,1,20260921T190737Z_slice_logreg_coef_1cb7b8e9,GSE42568,logreg,coef,1,4,20260922
GSM1045196,0,6.249061433646846e-07,0,20260921T190737Z_slice_logreg_coef_1cb7b8e9,GSE42568,logreg,coef,1,4,20260922
GSM1045219,1,0.9998781807478011,1,20260921T190737Z_slice_logreg_coef_1cb7b8e9,GSE42568,logreg,coef,1,4,20260922
GSM1045227,1,0.9999847428376974,1,20260921T190737Z_slice_logreg_coef_1cb7b8e9,GSE42568,logreg,coef,1,4,20260922
GSM1045230,1,0.9999351636527349,1,20260921T190737Z_slice_logreg_coef_1cb7b8e9,GSE42568,logreg,coef,1,4,20260922
GSM1045233,1,0.9999685846466289,1,20260921T190737Z_slice_logreg_coef_1cb7b8e9,GSE42568,logreg,coef,1,4,20260922
GSM1045235,1,0.9999960677642499,1,20260921T190737Z_slice_logreg_coef_1cb7b8e9,GSE42568,logreg,coef,1,4,20260922
GSM1045237,1,0.9999525059909726,1,20260921T190737Z_slice_logreg_coef_1cb7b8e9,GSE42568,logreg,coef,1,4,20260922
GSM1045238,1,0.9999109738448454,1,20260921T190737Z_slice_logreg_coef_1cb7b8e9,GSE42568,logreg,coef,1,4,20260922
GSM1045243,1,0.9943884473584805,1,20260921T190737Z_slice_logreg_coef_1cb7b8e9,GSE42568,logreg,coef,1,4,20260922
GSM1045244,1,0.9999942732913424,1,20260921T190737Z_slice_logreg_coef_1cb7b8e9,GSE42568,logreg,coef,1,4,20260922
GSM1045247,1,0.9998629007143613,1,20260921T190737Z_slice_logreg_coef_1cb7b8e9,GSE42568,logreg,coef,1,4,20260922
GSM1045254,1,0.9999751636274165,1,20260921T190737Z_slice_logreg_coef_1cb7b8e9,GSE42568,logreg,coef,1,4,20260922
GSM1045255,1,0.9956949830671761,1,20260921T190737Z_slice_logreg_coef_1cb7b8e9,GSE42568,logreg,coef,1,4,20260922
GSM1045256,1,0.9897719976429906,1,20260921T190737Z_slice_logreg_coef_1cb7b8e9,GSE42568,logreg,coef,1,4,20260922
GSM1045263,1,0.999996384261881,1,20260921T190737Z_slice_logreg_coef_1cb7b8e9,GSE42568,logreg,coef,1,4,20260922
GSM1045265,1,0.999867257274541,1,20260921T190737Z_slice_logreg_coef_1cb7b8e9,GSE42568,logreg,coef,1,4,20260922
GSM1045277,1,0.9999621805476336,1,20260921T190737Z_slice_logreg_coef_1cb7b8e9,GSE42568,logreg,coef,1,4,20260922
GSM1045290,1,0.9997696857766222,1,20260921T190737Z_slice_logreg_coef_1cb7b8e9,GSE42568,logreg,coef,1,4,20260922
GSM1045299,1,0.9999760238796687,1,20260921T190737Z_slice_logreg_coef_1cb7b8e9,GSE42568,logreg,coef,1,4,20260922
GSM1045300,1,0.9999951615858595,1,20260921T190737Z_slice_logreg_coef_1cb7b8e9,GSE42568,logreg,coef,1,4,20260922
GSM1045301,1,0.9965284429548456,1,20260921T190737Z_slice_logreg_coef_1cb7b8e9,GSE42568,logreg,coef,1,4,20260922
GSM1045304,1,0.9999928784205852,1,20260921T190737Z_slice_logreg_coef_1cb7b8e9,GSE42568,logreg,coef,1,4,20260922
