experiment_id,dataset,model,explainer,repeat,fold,seed,roc_auc,ap_cancer,ap_normal,balanced_accuracy,sensitivity,specificity,f1_cancer,f1_normal,tn,fp,fn,tp,floor,floor_fraction,detect_threshold_samples,n_probes_input,n_probes_after_filter,n_genes,n_train,n_test,n_train_normal,n_test_normal,fold_seconds
20260921T190737Z_slice_logreg_coef_1cb7b8e9,GSE42568,logreg,coef,0,0,20260921,1.0,1.0,1.0,1.0,1.0,1.0,1.0,1.0,4,0,0,21,2.312811642,0.2615022420653424,7,42892,40668,20087,96,25,13,4,1.2135394999640994
20260921T190737Z_slice_logreg_coef_1cb7b8e9,GSE42568,logreg,coef,0,1,20260921,1.0,1.0,1.0,0.875,1.0,0.75,0.975609756097561,0.8571428571428571,3,1,0,20,2.312811642,0.2606486586785703,7,42892,40784,20131,97,24,13,4,1.233325799985323
20260921T190737Z_slice_logreg_coef_1cb7b8e9,GSE42568,logreg,coef,0,2,20260921,1.0,1.0,1.0,0.8333333333333333,1.0,0.6666666666666666,0.9767441860465116,0.8,2,1,0,21,2.312811642,0.2595093791070548,7,42892,40831,20152,97,24,14,3,1.3571847000275739
20260921T190737Z_slice_logreg_coef_1cb7b8e9,GSE42568,logreg,coef,0,3,20260921,1.0,1.0,1.0,1.0,1.0,1.0,1.0,1.0,3,0,0,21,2.312811642,0.25990500235066544,7,42892,40763,20127,97,24,14,3,1.3328765999758616
20260921T190737Z_slice_logreg_coef_1cb7b8e9,GSE42568,logreg,coef,0,4,20260921,1.0,1.0,1.0,1.0,1.0,1.0,1.0,1.0,3,0,0,21,2.312811642,0.2591325035019627,7,42892,40862,20142,97,24,14,3,1.225850100046955
20260921T190737Z_slice_logreg_coef_1cb7b8e9,GSE42568,logreg,coef,1,0,20260922,1.0,1.0,1.0,1.0,1.0,1.0,1.0,1.0,4,0,0,21,2.312811642,0.2605575243246604,7,42892,40690,20095,96,25,13,4,1.224679599981755
20260921T190737Z_slice_logreg_coef_1cb7b8e9,GSE42568,logreg,coef,1,1,20260922,1.0,1.0,1.0,1.0,1.0,1.0,1.0,1.0,4,0,0,20,2.312811642,0.2608157049448579,7,42892,40741,20115,97,24,13,4,1.212013000040315
20260921T190737Z_slice_logreg_coef_1cb7b8e9,GSE42568,logreg,coef,1,2,20260922,1.0,1.0,1.0,1.0,1.0,1.0,1.0,1.0,3,0,0,21,2.312811642,0.25937189642458497,7,42892,40873,20153,97,24,14,3,1.353484200022649
20260921T190737Z_slice_logreg_coef_1cb7b8e9,GSE42568,logreg,coef,1,3,20260922,0.9841269841269842,0.9978354978354979,0.9166666666666666,0.8333333333333333,1.0,0.6666666666666666,0.9767441860465116,0.8,2,1,0,21,2.312811642,0.2591394737778222,7,42892,40936,20180,97,24,14,3,1.5498851000447758
20260921T190737Z_slice_logreg_coef_1cb7b8e9,GSE42568,logreg,coef,1,4,20260922,1.0,1.0,1.0,0.6666666666666666,1.0,0.3333333333333333,0.9545454545454546,0.5,1,2,0,21,2.312811642,0.2608034468735188,7,42892,40706,20084,97,24,14,3,1.3518460000050254
