experiment_id,model,explainer,scope,k,n_sets,n_features,nogueira,kuncheva,jaccard,n_distinct_genes,nogueira_alt_universe,n_features_alt
20260921T190737Z_slice_logreg_coef_1cb7b8e9,logreg,coef,all_runs,10,10,20848,0.27520790009704477,0.275207900097045,0.17343255490830306,50,0.27519912532458646,20335
20260921T190737Z_slice_logreg_coef_1cb7b8e9,logreg,coef,all_runs,25,10,20848,0.3218534633178055,0.3218534633178057,0.20062060939415677,130,0.32183292302642375,20335
20260921T190737Z_slice_logreg_coef_1cb7b8e9,logreg,coef,all_runs,50,10,20848,0.3165831757327092,0.31658317573270933,0.19339838518620833,251,0.31654172486511656,20335
20260921T190737Z_slice_logreg_coef_1cb7b8e9,logreg,coef,repeat_0,10,5,20848,0.21962568384681824,0.21962568384681833,0.12915376676986584,34,0.2196162361623616,20335
20260921T190737Z_slice_logreg_coef_1cb7b8e9,logreg,coef,repeat_0,25,5,20848,0.31117399029918835,0.31117399029918846,0.18794573083389993,82,0.3111531265386508,20335
20260921T190737Z_slice_logreg_coef_1cb7b8e9,logreg,coef,repeat_0,50,5,20848,0.3223748437349744,0.32237484373497455,0.19726713360351444,158,0.32233374414592053,20335
20260921T190737Z_slice_logreg_coef_1cb7b8e9,logreg,coef,repeat_1,10,5,20848,0.33968327094730777,0.33968327094730777,0.23133030540151278,31,0.33967527675276743,20335
20260921T190737Z_slice_logreg_coef_1cb7b8e9,logreg,coef,repeat_1,25,5,20848,0.3191835950631513,0.3191835950631513,0.2052556740906605,80,0.31916297390448045,20335
20260921T190737Z_slice_logreg_coef_1cb7b8e9,logreg,coef,repeat_1,50,5,20848,0.2762642561784786,0.27626425617847866,0.1653787963624906,168,0.27622035987182647,20335
