config_id,repeat,n,roc_auc,ap_cancer,ap_normal,balanced_accuracy,sensitivity,specificity,f1_cancer,f1_normal,tn,fp,fn,tp,roc_auc_ci_lo,roc_auc_ci_hi,ap_normal_ci_lo,ap_normal_ci_hi,balanced_accuracy_ci_lo,balanced_accuracy_ci_hi
logreg,0,121,0.997737556561086,0.9996283475618086,0.988795518207283,0.9657805429864253,0.9903846153846154,0.9411764705882353,0.9903846153846154,0.9411764705882353,16,1,1,103,0.9915158371040724,1.0,0.9598930481283422,1.0,0.9021493212669682,1.0
logreg,1,121,0.995475113122172,0.9992706545249737,0.9753391552699511,0.9069570135746606,0.9903846153846154,0.8235294117647058,0.9809523809523809,0.875,14,3,1,103,0.9864253393665159,1.0,0.930700830608189,1.0,0.8187217194570136,0.9903846153846154
svm,0,121,0.997737556561086,0.9996327687787715,0.9877162629757785,0.9807692307692308,0.9615384615384616,1.0,0.9803921568627451,0.8947368421052632,17,0,4,100,0.9915158371040724,1.0,0.9567909543680173,1.0,0.9615384615384616,0.9951923076923077
svm,1,121,0.9937782805429864,0.9989914566824234,0.9679458949355143,0.9711538461538461,0.9423076923076923,1.0,0.9702970297029703,0.85,17,0,6,98,0.9819004524886877,1.0,0.9132026760192568,1.0,0.9471153846153846,0.9903846153846154
rf,0,121,0.997737556561086,0.9996354274656162,0.9872721018231854,0.8529411764705883,1.0,0.7058823529411765,0.9765258215962441,0.8275862068965517,12,5,0,104,0.9909502262443439,1.0,0.9533146591970121,1.0,0.7352941176470589,0.9411764705882353
rf,1,121,0.9932126696832578,0.998902139075024,0.9645248219088416,0.8529411764705883,1.0,0.7058823529411765,0.9765258215962441,0.8275862068965517,12,5,0,104,0.9802036199095022,1.0,0.9076848236421006,0.9999999999999999,0.7352941176470589,0.9411764705882353
xgb,0,121,0.9875565610859728,0.9979816768736094,0.9388731856378915,0.872737556561086,0.9807692307692307,0.7647058823529411,0.9714285714285714,0.8125,13,4,2,102,0.9677601809954751,0.998868778280543,0.8567444027626254,0.9938080495356036,0.7647058823529411,0.9657805429864253
xgb,1,121,0.9824660633484164,0.9970666963534387,0.9266104831536012,0.8775452488687783,0.9903846153846154,0.7647058823529411,0.976303317535545,0.8387096774193549,13,4,1,103,0.9564338235294119,0.9983031674208145,0.8390629856968865,0.9911764705882353,0.7647058823529411,0.9705882352941176
logreg_C0.1,0,121,0.9994343891402715,0.9999084249084249,0.9967320261437909,0.9411764705882353,1.0,0.8823529411764706,0.9904761904761905,0.9375,15,2,0,104,0.996606334841629,1.0,0.9823529411764705,1.0,0.8529411764705883,1.0
logreg_C0.1,1,121,0.9960407239819005,0.9993551306026474,0.9794943378420888,0.9117647058823529,1.0,0.8235294117647058,0.985781990521327,0.9032258064516129,14,3,0,104,0.9869909502262444,1.0,0.938768115942029,1.0,0.8235294117647058,1.0
logreg_C100,0,121,0.995475113122172,0.999264436040799,0.9764185977421271,0.9711538461538461,0.9423076923076923,1.0,0.9702970297029703,0.85,17,0,6,98,0.9858597285067874,1.0,0.9314950980392155,1.0,0.9471153846153846,0.9903846153846154
logreg_C100,1,121,0.997737556561086,0.9996438746438745,0.9856737793156478,0.9615384615384616,0.9230769230769231,1.0,0.96,0.8095238095238095,17,0,8,96,0.9909502262443439,1.0,0.9440932042673529,1.0,0.9373798076923077,0.9855769230769231
ttest_lr,0,121,0.9869909502262443,0.9976614788112033,0.9633572886168043,0.9657805429864253,0.9903846153846154,0.9411764705882353,0.9903846153846154,0.9411764705882353,16,1,1,103,0.9558823529411765,1.0,0.8901838235294117,1.0,0.9021493212669682,1.0
ttest_lr,1,121,0.9694570135746605,0.9937849597167685,0.9292865236910038,0.8775452488687783,0.9903846153846154,0.7647058823529411,0.976303317535545,0.8387096774193549,13,4,1,103,0.9078054298642534,1.0,0.8227298675089653,0.9999999999999999,0.7796945701357466,0.9705882352941176
